eta_D,eta_H,d_cap,h_cap,best_Gini,n_feasible,Variant,Instance
0.0,0.0,388.2454,1162.8058,0.1195,8,FULL,c101C10
0.01,0.0,392.127854,1162.8058,0.1104,22,FULL,c101C10
0.03,0.0,399.892762,1162.8058,0.1078,25,FULL,c101C10
0.05,0.0,407.65767000000005,1162.8058,0.013,46,FULL,c101C10
0.1,0.0,427.06994000000003,1162.8058,0.0043,63,FULL,c101C10
0.0,0.05,388.2454,1220.9460900000001,0.1195,8,FULL,c101C10
0.01,0.05,392.127854,1220.9460900000001,0.1104,22,FULL,c101C10
0.03,0.05,399.892762,1220.9460900000001,0.1078,25,FULL,c101C10
0.05,0.05,407.65767000000005,1220.9460900000001,0.013,48,FULL,c101C10
0.1,0.05,427.06994000000003,1220.9460900000001,0.0043,65,FULL,c101C10
0.0,0.0,257.7475,872.0789,0.1065,10,FULL,c101C5
0.01,0.0,260.324975,872.0789,0.1065,10,FULL,c101C5
0.03,0.0,265.47992500000004,872.0789,0.0405,20,FULL,c101C5
0.05,0.0,270.634875,872.0789,0.0405,20,FULL,c101C5
0.1,0.0,283.52225000000004,872.0789,0.0361,21,FULL,c101C5
0.0,0.05,257.7475,915.682845,0.1065,10,FULL,c101C5
0.01,0.05,260.324975,915.682845,0.1065,10,FULL,c101C5
0.03,0.05,265.47992500000004,915.682845,0.0405,20,FULL,c101C5
0.05,0.05,270.634875,915.682845,0.0405,20,FULL,c101C5
0.1,0.05,283.52225000000004,915.682845,0.0361,21,FULL,c101C5
0.0,0.0,1043.4548,1174.5529,,0,FULL,c101_21
0.01,0.0,1053.889348,1174.5529,,0,FULL,c101_21
0.03,0.0,1074.758444,1174.5529,0.0448,21,FULL,c101_21
0.05,0.0,1095.62754,1174.5529,0.0306,40,FULL,c101_21
0.1,0.0,1147.8002800000002,1174.5529,0.0197,68,FULL,c101_21
0.0,0.05,1043.4548,1233.2805449999998,,0,FULL,c101_21
0.01,0.05,1053.889348,1233.2805449999998,0.0433,35,FULL,c101_21
0.03,0.05,1074.758444,1233.2805449999998,0.0395,113,FULL,c101_21
0.05,0.05,1095.62754,1233.2805449999998,0.0215,173,FULL,c101_21
0.1,0.05,1147.8002800000002,1233.2805449999998,0.0197,226,FULL,c101_21
0.0,0.0,1037.1225,1174.5529,,0,FULL,c102_21
0.01,0.0,1047.493725,1174.5529,,0,FULL,c102_21
0.03,0.0,1068.236175,1174.5529,,0,FULL,c102_21
0.05,0.0,1088.978625,1174.5529,0.022,7,FULL,c102_21
0.1,0.0,1140.83475,1174.5529,0.0151,50,FULL,c102_21
0.0,0.05,1037.1225,1233.2805449999998,,0,FULL,c102_21
0.01,0.05,1047.493725,1233.2805449999998,0.0682,5,FULL,c102_21
0.03,0.05,1068.236175,1233.2805449999998,0.0396,42,FULL,c102_21
0.05,0.05,1088.978625,1233.2805449999998,0.022,101,FULL,c102_21
0.1,0.05,1140.83475,1233.2805449999998,0.0143,194,FULL,c102_21
0.0,0.0,374.4278,1162.8058,,0,FULL,c103C15
0.01,0.0,378.172078,1162.8058,0.0776,4,FULL,c103C15
0.03,0.0,385.660634,1162.8058,0.0544,21,FULL,c103C15
0.05,0.0,393.14919000000003,1162.8058,0.0125,62,FULL,c103C15
0.1,0.0,411.87058,1162.8058,0.008,69,FULL,c103C15
0.0,0.05,374.4278,1220.9460900000001,0.0668,3,FULL,c103C15
0.01,0.05,378.172078,1220.9460900000001,0.0668,23,FULL,c103C15
0.03,0.05,385.660634,1220.9460900000001,0.0544,48,FULL,c103C15
0.05,0.05,393.14919000000003,1220.9460900000001,0.0014,95,FULL,c103C15
0.1,0.05,411.87058,1220.9460900000001,0.0014,104,FULL,c103C15
0.0,0.0,175.3692,1114.0,,0,FULL,c103C5
0.01,0.0,177.122892,1114.0,0.0,10,FULL,c103C5
0.03,0.0,180.630276,1114.0,0.0,10,FULL,c103C5
0.05,0.0,184.13766,1114.0,0.0,10,FULL,c103C5
0.1,0.0,192.90612000000002,1114.0,0.0,10,FULL,c103C5
0.0,0.05,175.3692,1169.7,,0,FULL,c103C5
0.01,0.05,177.122892,1169.7,0.0,10,FULL,c103C5
0.03,0.05,180.630276,1169.7,0.0,10,FULL,c103C5
0.05,0.05,184.13766,1169.7,0.0,10,FULL,c103C5
0.1,0.05,192.90612000000002,1169.7,0.0,10,FULL,c103C5
0.0,0.0,273.9312,832.7295,,0,FULL,c104C10
0.01,0.0,276.670512,832.7295,,0,FULL,c104C10
0.03,0.0,282.149136,832.7295,,0,FULL,c104C10
0.05,0.0,287.62776,832.7295,,0,FULL,c104C10
0.1,0.0,301.32432,832.7295,0.0027,8,FULL,c104C10
0.0,0.05,273.9312,874.365975,,0,FULL,c104C10
0.01,0.05,276.670512,874.365975,,0,FULL,c104C10
0.03,0.05,282.149136,874.365975,,0,FULL,c104C10
0.05,0.05,287.62776,874.365975,,0,FULL,c104C10
0.1,0.05,301.32432,874.365975,0.0014,20,FULL,c104C10
0.0,0.0,895.6013,1165.1108,,0,FULL,c104_21
0.01,0.0,904.557313,1165.1108,,0,FULL,c104_21
0.03,0.0,922.4693390000001,1165.1108,,0,FULL,c104_21
0.05,0.0,940.3813650000001,1165.1108,,0,FULL,c104_21
0.1,0.0,985.1614300000001,1165.1108,0.0214,7,FULL,c104_21
0.0,0.05,895.6013,1223.36634,,0,FULL,c104_21
0.01,0.05,904.557313,1223.36634,0.0355,1,FULL,c104_21
0.03,0.05,922.4693390000001,1223.36634,0.0263,18,FULL,c104_21
0.05,0.05,940.3813650000001,1223.36634,0.019,50,FULL,c104_21
0.1,0.05,985.1614300000001,1223.36634,0.0142,130,FULL,c104_21
0.0,0.0,1052.1882,1118.4191,,0,FULL,c105_21
0.01,0.0,1062.710082,1118.4191,,0,FULL,c105_21
0.03,0.0,1083.753846,1118.4191,,0,FULL,c105_21
0.05,0.0,1104.79761,1118.4191,,0,FULL,c105_21
0.1,0.0,1157.40702,1118.4191,,0,FULL,c105_21
0.0,0.05,1052.1882,1174.3400550000001,,0,FULL,c105_21
0.01,0.05,1062.710082,1174.3400550000001,,0,FULL,c105_21
0.03,0.05,1083.753846,1174.3400550000001,0.0214,6,FULL,c105_21
0.05,0.05,1104.79761,1174.3400550000001,0.0177,20,FULL,c105_21
0.1,0.05,1157.40702,1174.3400550000001,0.0177,34,FULL,c105_21
0.0,0.0,275.1332,1063.5529,,0,FULL,c106C15
0.01,0.0,277.884532,1063.5529,,0,FULL,c106C15
0.03,0.0,283.387196,1063.5529,,0,FULL,c106C15
0.05,0.0,288.88986,1063.5529,,0,FULL,c106C15
0.1,0.0,302.64652,1063.5529,0.1589,10,FULL,c106C15
0.0,0.05,275.1332,1116.730545,0.222,10,FULL,c106C15
0.01,0.05,277.884532,1116.730545,0.222,10,FULL,c106C15
0.03,0.05,283.387196,1116.730545,0.222,10,FULL,c106C15
0.05,0.05,288.88986,1116.730545,0.2177,19,FULL,c106C15
0.1,0.05,302.64652,1116.730545,0.1515,49,FULL,c106C15
0.0,0.0,1015.8785,1105.8149,,0,FULL,c106_21
0.01,0.0,1026.037285,1105.8149,,0,FULL,c106_21
0.03,0.0,1046.354855,1105.8149,,0,FULL,c106_21
0.05,0.0,1066.672425,1105.8149,,0,FULL,c106_21
0.1,0.0,1117.4663500000001,1105.8149,,0,FULL,c106_21
0.0,0.05,1015.8785,1161.105645,,0,FULL,c106_21
0.01,0.05,1026.037285,1161.105645,,0,FULL,c106_21
0.03,0.05,1046.354855,1161.105645,,0,FULL,c106_21
0.05,0.05,1066.672425,1161.105645,0.0414,1,FULL,c106_21
0.1,0.05,1117.4663500000001,1161.105645,0.0133,31,FULL,c106_21
0.0,0.0,1018.2819,1109.1108,,0,FULL,c107_21
0.01,0.0,1028.464719,1109.1108,,0,FULL,c107_21
0.03,0.0,1048.830357,1109.1108,,0,FULL,c107_21
0.05,0.0,1069.195995,1109.1108,0.0352,1,FULL,c107_21
0.1,0.0,1120.1100900000001,1109.1108,0.0352,1,FULL,c107_21
0.0,0.05,1018.2819,1164.56634,,0,FULL,c107_21
0.01,0.05,1028.464719,1164.56634,,0,FULL,c107_21
0.03,0.05,1048.830357,1164.56634,0.0404,5,FULL,c107_21
0.05,0.05,1069.195995,1164.56634,0.0199,65,FULL,c107_21
0.1,0.05,1120.1100900000001,1164.56634,0.0165,128,FULL,c107_21
0.0,0.0,1003.3857,1067.3286,,0,FULL,c108_21
0.01,0.0,1013.419557,1067.3286,,0,FULL,c108_21
0.03,0.0,1033.487271,1067.3286,,0,FULL,c108_21
0.05,0.0,1053.554985,1067.3286,,0,FULL,c108_21
0.1,0.0,1103.7242700000002,1067.3286,0.023,3,FULL,c108_21
0.0,0.05,1003.3857,1120.69503,,0,FULL,c108_21
0.01,0.05,1013.419557,1120.69503,,0,FULL,c108_21
0.03,0.05,1033.487271,1120.69503,,0,FULL,c108_21
0.05,0.05,1053.554985,1120.69503,,0,FULL,c108_21
0.1,0.05,1103.7242700000002,1120.69503,0.023,10,FULL,c108_21
0.0,0.0,956.403,1151.9732,,0,FULL,c109_21
0.01,0.0,965.96703,1151.9732,,0,FULL,c109_21
0.03,0.0,985.09509,1151.9732,,0,FULL,c109_21
0.05,0.0,1004.22315,1151.9732,,0,FULL,c109_21
0.1,0.0,1052.0433,1151.9732,,0,FULL,c109_21
0.0,0.05,956.403,1209.57186,,0,FULL,c109_21
0.01,0.05,965.96703,1209.57186,,0,FULL,c109_21
0.03,0.05,985.09509,1209.57186,,0,FULL,c109_21
0.05,0.05,1004.22315,1209.57186,,0,FULL,c109_21
0.1,0.05,1052.0433,1209.57186,0.0261,7,FULL,c109_21
0.0,0.0,629.9494,3229.6619,,0,FULL,c201_21
0.01,0.0,636.248894,3229.6619,,0,FULL,c201_21
0.03,0.0,648.847882,3229.6619,,0,FULL,c201_21
0.05,0.0,661.44687,3229.6619,0.0897,11,FULL,c201_21
0.1,0.0,692.94434,3229.6619,0.0498,52,FULL,c201_21
0.0,0.05,629.9494,3391.144995,0.1553,10,FULL,c201_21
0.01,0.05,636.248894,3391.144995,0.1553,10,FULL,c201_21
0.03,0.05,648.847882,3391.144995,0.1179,59,FULL,c201_21
0.05,0.05,661.44687,3391.144995,0.0767,106,FULL,c201_21
0.1,0.05,692.94434,3391.144995,0.039,215,FULL,c201_21
0.0,0.0,304.0583,3030.0,0.0,10,FULL,c202C10
0.01,0.0,307.098883,3030.0,0.0,10,FULL,c202C10
0.03,0.0,313.180049,3030.0,0.0,10,FULL,c202C10
0.05,0.0,319.261215,3030.0,0.0,10,FULL,c202C10
0.1,0.0,334.46413,3030.0,0.0,10,FULL,c202C10
0.0,0.05,304.0583,3181.5,0.0,10,FULL,c202C10
0.01,0.05,307.098883,3181.5,0.0,10,FULL,c202C10
0.03,0.05,313.180049,3181.5,0.0,10,FULL,c202C10
0.05,0.05,319.261215,3181.5,0.0,10,FULL,c202C10
0.1,0.05,334.46413,3181.5,0.0,10,FULL,c202C10
0.0,0.0,397.2287,2939.1172,0.0799,10,FULL,c202C15
0.01,0.0,401.200987,2939.1172,0.0159,20,FULL,c202C15
0.03,0.0,409.145561,2939.1172,0.0159,20,FULL,c202C15
0.05,0.0,417.09013500000003,2939.1172,0.0047,30,FULL,c202C15
0.1,0.0,436.95157000000006,2939.1172,0.0006,44,FULL,c202C15
0.0,0.05,397.2287,3086.07306,0.0799,10,FULL,c202C15
0.01,0.05,401.200987,3086.07306,0.0159,20,FULL,c202C15
0.03,0.05,409.145561,3086.07306,0.0159,20,FULL,c202C15
0.05,0.05,417.09013500000003,3086.07306,0.0047,30,FULL,c202C15
0.1,0.05,436.95157000000006,3086.07306,0.0006,44,FULL,c202C15
0.0,0.0,629.9494,3229.6619,,0,FULL,c202_21
0.01,0.0,636.248894,3229.6619,,0,FULL,c202_21
0.03,0.0,648.847882,3229.6619,,0,FULL,c202_21
0.05,0.0,661.44687,3229.6619,0.0773,9,FULL,c202_21
0.1,0.0,692.94434,3229.6619,0.0461,40,FULL,c202_21
0.0,0.05,629.9494,3391.144995,0.1553,10,FULL,c202_21
0.01,0.05,636.248894,3391.144995,0.1553,10,FULL,c202_21
0.03,0.05,648.847882,3391.144995,0.1107,46,FULL,c202_21
0.05,0.05,661.44687,3391.144995,0.0725,92,FULL,c202_21
0.1,0.05,692.94434,3391.144995,0.0289,198,FULL,c202_21
0.0,0.0,629.9494,3229.6619,,0,FULL,c203_21
0.01,0.0,636.248894,3229.6619,,0,FULL,c203_21
0.03,0.0,648.847882,3229.6619,,0,FULL,c203_21
0.05,0.0,661.44687,3229.6619,0.11,6,FULL,c203_21
0.1,0.0,692.94434,3229.6619,0.0256,78,FULL,c203_21
0.0,0.05,629.9494,3391.144995,0.1553,5,FULL,c203_21
0.01,0.05,636.248894,3391.144995,0.155,9,FULL,c203_21
0.03,0.05,648.847882,3391.144995,0.124,42,FULL,c203_21
0.05,0.05,661.44687,3391.144995,0.0904,88,FULL,c203_21
0.1,0.05,692.94434,3391.144995,0.0256,185,FULL,c203_21
0.0,0.0,629.9494,3229.6619,,0,FULL,c204_21
0.01,0.0,636.248894,3229.6619,,0,FULL,c204_21
0.03,0.0,648.847882,3229.6619,0.0922,2,FULL,c204_21
0.05,0.0,661.44687,3229.6619,0.0195,28,FULL,c204_21
0.1,0.0,692.94434,3229.6619,0.0018,91,FULL,c204_21
0.0,0.05,629.9494,3391.144995,0.1553,3,FULL,c204_21
0.01,0.05,636.248894,3391.144995,0.1365,26,FULL,c204_21
0.03,0.05,648.847882,3391.144995,0.0922,56,FULL,c204_21
0.05,0.05,661.44687,3391.144995,0.0195,107,FULL,c204_21
0.1,0.05,692.94434,3391.144995,0.0018,175,FULL,c204_21
0.0,0.0,228.2812,2739.5529,0.035,10,FULL,c205C10
0.01,0.0,230.56401200000002,2739.5529,0.0326,12,FULL,c205C10
0.03,0.0,235.129636,2739.5529,0.004,22,FULL,c205C10
0.05,0.0,239.69526000000002,2739.5529,0.004,22,FULL,c205C10
0.1,0.0,251.10932000000003,2739.5529,0.0007,41,FULL,c205C10
0.0,0.05,228.2812,2876.530545,0.035,10,FULL,c205C10
0.01,0.05,230.56401200000002,2876.530545,0.0326,12,FULL,c205C10
0.03,0.05,235.129636,2876.530545,0.004,22,FULL,c205C10
0.05,0.05,239.69526000000002,2876.530545,0.004,22,FULL,c205C10
0.1,0.05,251.10932000000003,2876.530545,0.0007,41,FULL,c205C10
0.0,0.0,629.9494,3069.6619,,0,FULL,c205_21
0.01,0.0,636.248894,3069.6619,,0,FULL,c205_21
0.03,0.0,648.847882,3069.6619,,0,FULL,c205_21
0.05,0.0,661.44687,3069.6619,,0,FULL,c205_21
0.1,0.0,692.94434,3069.6619,,0,FULL,c205_21
0.0,0.05,629.9494,3223.144995,,0,FULL,c205_21
0.01,0.05,636.248894,3223.144995,,0,FULL,c205_21
0.03,0.05,648.847882,3223.144995,0.1107,5,FULL,c205_21
0.05,0.05,661.44687,3223.144995,0.0691,35,FULL,c205_21
0.1,0.05,692.94434,3223.144995,0.0345,127,FULL,c205_21
0.0,0.0,242.5557,2200.0288,,0,FULL,c206C5
0.01,0.0,244.981257,2200.0288,,0,FULL,c206C5
0.03,0.0,249.832371,2200.0288,,0,FULL,c206C5
0.05,0.0,254.68348500000002,2200.0288,,0,FULL,c206C5
0.1,0.0,266.81127000000004,2200.0288,0.0,10,FULL,c206C5
0.0,0.05,242.5557,2310.03024,,0,FULL,c206C5
0.01,0.05,244.981257,2310.03024,,0,FULL,c206C5
0.03,0.05,249.832371,2310.03024,0.0,10,FULL,c206C5
0.05,0.05,254.68348500000002,2310.03024,0.0,10,FULL,c206C5
0.1,0.05,266.81127000000004,2310.03024,0.0,20,FULL,c206C5
0.0,0.0,629.9494,2909.1655,,0,FULL,c206_21
0.01,0.0,636.248894,2909.1655,,0,FULL,c206_21
0.03,0.0,648.847882,2909.1655,,0,FULL,c206_21
0.05,0.0,661.44687,2909.1655,,0,FULL,c206_21
0.1,0.0,692.94434,2909.1655,,0,FULL,c206_21
0.0,0.05,629.9494,3054.623775,,0,FULL,c206_21
0.01,0.05,636.248894,3054.623775,,0,FULL,c206_21
0.03,0.05,648.847882,3054.623775,,0,FULL,c206_21
0.05,0.05,661.44687,3054.623775,0.0756,2,FULL,c206_21
0.1,0.05,692.94434,3054.623775,0.0355,54,FULL,c206_21
0.0,0.0,629.9494,2906.1172,,0,FULL,c207_21
0.01,0.0,636.248894,2906.1172,,0,FULL,c207_21
0.03,0.0,648.847882,2906.1172,,0,FULL,c207_21
0.05,0.0,661.44687,2906.1172,,0,FULL,c207_21
0.1,0.0,692.94434,2906.1172,,0,FULL,c207_21
0.0,0.05,629.9494,3051.42306,,0,FULL,c207_21
0.01,0.05,636.248894,3051.42306,,0,FULL,c207_21
0.03,0.05,648.847882,3051.42306,,0,FULL,c207_21
0.05,0.05,661.44687,3051.42306,0.0714,23,FULL,c207_21
0.1,0.05,692.94434,3051.42306,0.035,65,FULL,c207_21
0.0,0.0,300.5485,2839.8284,,0,FULL,c208C15
0.01,0.0,303.553985,2839.8284,,0,FULL,c208C15
0.03,0.0,309.564955,2839.8284,,0,FULL,c208C15
0.05,0.0,315.575925,2839.8284,,0,FULL,c208C15
0.1,0.0,330.60335000000003,2839.8284,0.1514,6,FULL,c208C15
0.0,0.05,300.5485,2981.81982,0.0509,10,FULL,c208C15
0.01,0.05,303.553985,2981.81982,0.0509,10,FULL,c208C15
0.03,0.05,309.564955,2981.81982,0.0031,20,FULL,c208C15
0.05,0.05,315.575925,2981.81982,0.0031,20,FULL,c208C15
0.1,0.05,330.60335000000003,2981.81982,0.0007,50,FULL,c208C15
0.0,0.0,158.4807,1920.4024,,0,FULL,c208C5
0.01,0.0,160.06550700000003,1920.4024,,0,FULL,c208C5
0.03,0.0,163.23512100000002,1920.4024,,0,FULL,c208C5
0.05,0.0,166.40473500000002,1920.4024,0.0,10,FULL,c208C5
0.1,0.0,174.32877000000002,1920.4024,0.0,10,FULL,c208C5
0.0,0.05,158.4807,2016.42252,,0,FULL,c208C5
0.01,0.05,160.06550700000003,2016.42252,,0,FULL,c208C5
0.03,0.05,163.23512100000002,2016.42252,,0,FULL,c208C5
0.05,0.05,166.40473500000002,2016.42252,0.0,10,FULL,c208C5
0.1,0.05,174.32877000000002,2016.42252,0.0,10,FULL,c208C5
0.0,0.0,629.9494,2839.8284,,0,FULL,c208_21
0.01,0.0,636.248894,2839.8284,,0,FULL,c208_21
0.03,0.0,648.847882,2839.8284,,0,FULL,c208_21
0.05,0.0,661.44687,2839.8284,,0,FULL,c208_21
0.1,0.0,692.94434,2839.8284,,0,FULL,c208_21
0.0,0.05,629.9494,2981.81982,,0,FULL,c208_21
0.01,0.05,636.248894,2981.81982,,0,FULL,c208_21
0.03,0.05,648.847882,2981.81982,,0,FULL,c208_21
0.05,0.05,661.44687,2981.81982,0.0746,5,FULL,c208_21
0.1,0.05,692.94434,2981.81982,0.0409,61,FULL,c208_21
0.0,0.0,1615.8395,221.0502,,0,FULL,r101_21
0.01,0.0,1631.997895,221.0502,,0,FULL,r101_21
0.03,0.0,1664.314685,221.0502,,0,FULL,r101_21
0.05,0.0,1696.6314750000001,221.0502,0.0937,1,FULL,r101_21
0.1,0.0,1777.4234500000002,221.0502,0.0726,3,FULL,r101_21
0.0,0.05,1615.8395,232.10271,0.1253,1,FULL,r101_21
0.01,0.05,1631.997895,232.10271,0.1162,4,FULL,r101_21
0.03,0.05,1664.314685,232.10271,0.0695,56,FULL,r101_21
0.05,0.05,1696.6314750000001,232.10271,0.067,98,FULL,r101_21
0.1,0.05,1777.4234500000002,232.10271,0.0337,201,FULL,r101_21
0.0,0.0,262.9248,202.0,0.1824,10,FULL,r102C10
0.01,0.0,265.554048,202.0,0.1824,10,FULL,r102C10
0.03,0.0,270.812544,202.0,0.1824,10,FULL,r102C10
0.05,0.0,276.07104000000004,202.0,0.1824,10,FULL,r102C10
0.1,0.0,289.21728,202.0,0.1824,10,FULL,r102C10
0.0,0.05,262.9248,212.10000000000002,0.1824,10,FULL,r102C10
0.01,0.05,265.554048,212.10000000000002,0.1824,10,FULL,r102C10
0.03,0.05,270.812544,212.10000000000002,0.1824,10,FULL,r102C10
0.05,0.05,276.07104000000004,212.10000000000002,0.1824,10,FULL,r102C10
0.1,0.05,289.21728,212.10000000000002,0.1824,10,FULL,r102C10
0.0,0.0,412.7823,186.1505,,0,FULL,r102C15
0.01,0.0,416.910123,186.1505,,0,FULL,r102C15
0.03,0.0,425.165769,186.1505,,0,FULL,r102C15
0.05,0.0,433.421415,186.1505,,0,FULL,r102C15
0.1,0.0,454.0605300000001,186.1505,,0,FULL,r102C15
0.0,0.05,412.7823,195.458025,,0,FULL,r102C15
0.01,0.05,416.910123,195.458025,,0,FULL,r102C15
0.03,0.05,425.165769,195.458025,,0,FULL,r102C15
0.05,0.05,433.421415,195.458025,0.1315,21,FULL,r102C15
0.1,0.05,454.0605300000001,195.458025,0.0388,64,FULL,r102C15
0.0,0.0,1441.851,219.8617,,0,FULL,r102_21
0.01,0.0,1456.26951,219.8617,,0,FULL,r102_21
0.03,0.0,1485.1065300000002,219.8617,,0,FULL,r102_21
0.05,0.0,1513.9435500000002,219.8617,,0,FULL,r102_21
0.1,0.0,1586.0361000000003,219.8617,0.0567,3,FULL,r102_21
0.0,0.05,1441.851,230.85478500000002,,0,FULL,r102_21
0.01,0.05,1456.26951,230.85478500000002,,0,FULL,r102_21
0.03,0.05,1485.1065300000002,230.85478500000002,0.1071,17,FULL,r102_21
0.05,0.05,1513.9435500000002,230.85478500000002,0.0927,56,FULL,r102_21
0.1,0.05,1586.0361000000003,230.85478500000002,0.0469,179,FULL,r102_21
0.0,0.0,206.1216,188.0,,0,FULL,r103C10
0.01,0.0,208.182816,188.0,,0,FULL,r103C10
0.03,0.0,212.305248,188.0,,0,FULL,r103C10
0.05,0.0,216.42768,188.0,0.0055,30,FULL,r103C10
0.1,0.0,226.73376000000002,188.0,0.0001,45,FULL,r103C10
0.0,0.05,206.1216,197.4,,0,FULL,r103C10
0.01,0.05,208.182816,197.4,,0,FULL,r103C10
0.03,0.05,212.305248,197.4,,0,FULL,r103C10
0.05,0.05,216.42768,197.4,0.0055,30,FULL,r103C10
0.1,0.05,226.73376000000002,197.4,0.0001,49,FULL,r103C10
0.0,0.0,1248.9006,219.8617,,0,FULL,r103_21
0.01,0.0,1261.389606,219.8617,,0,FULL,r103_21
0.03,0.0,1286.367618,219.8617,,0,FULL,r103_21
0.05,0.0,1311.34563,219.8617,,0,FULL,r103_21
0.1,0.0,1373.7906600000001,219.8617,0.0554,9,FULL,r103_21
0.0,0.05,1248.9006,230.85478500000002,,0,FULL,r103_21
0.01,0.05,1261.389606,230.85478500000002,0.0858,3,FULL,r103_21
0.03,0.05,1286.367618,230.85478500000002,0.0609,52,FULL,r103_21
0.05,0.05,1311.34563,230.85478500000002,0.0464,100,FULL,r103_21
0.1,0.05,1373.7906600000001,230.85478500000002,0.0202,227,FULL,r103_21
0.0,0.0,136.6897,194.3848,0.0579,10,FULL,r104C5
0.01,0.0,138.05659699999998,194.3848,0.0579,10,FULL,r104C5
0.03,0.0,140.790391,194.3848,0.0488,20,FULL,r104C5
0.05,0.0,143.524185,194.3848,0.0488,20,FULL,r104C5
0.1,0.0,150.35867,194.3848,0.0005,30,FULL,r104C5
0.0,0.05,136.6897,204.10404000000003,0.0579,10,FULL,r104C5
0.01,0.05,138.05659699999998,204.10404000000003,0.0579,10,FULL,r104C5
0.03,0.05,140.790391,204.10404000000003,0.0488,20,FULL,r104C5
0.05,0.05,143.524185,204.10404000000003,0.0488,20,FULL,r104C5
0.1,0.05,150.35867,204.10404000000003,0.0005,30,FULL,r104C5
0.0,0.0,1070.0485,219.8617,,0,FULL,r104_21
0.01,0.0,1080.7489850000002,219.8617,,0,FULL,r104_21
0.03,0.0,1102.149955,219.8617,0.0631,1,FULL,r104_21
0.05,0.0,1123.5509250000002,219.8617,0.055,4,FULL,r104_21
0.1,0.0,1177.0533500000001,219.8617,0.0263,26,FULL,r104_21
0.0,0.05,1070.0485,230.85478500000002,,0,FULL,r104_21
0.01,0.05,1080.7489850000002,230.85478500000002,,0,FULL,r104_21
0.03,0.05,1102.149955,230.85478500000002,0.0631,19,FULL,r104_21
0.05,0.05,1123.5509250000002,230.85478500000002,0.0525,67,FULL,r104_21
0.1,0.05,1177.0533500000001,230.85478500000002,0.0244,231,FULL,r104_21
0.0,0.0,336.1536,199.541,,0,FULL,r105C15
0.01,0.0,339.515136,199.541,,0,FULL,r105C15
0.03,0.0,346.238208,199.541,,0,FULL,r105C15
0.05,0.0,352.96128,199.541,0.038,24,FULL,r105C15
0.1,0.0,369.76896,199.541,0.0269,36,FULL,r105C15
0.0,0.05,336.1536,209.51805000000002,,0,FULL,r105C15
0.01,0.05,339.515136,209.51805000000002,0.1599,10,FULL,r105C15
0.03,0.05,346.238208,209.51805000000002,0.1451,21,FULL,r105C15
0.05,0.05,352.96128,209.51805000000002,0.038,49,FULL,r105C15
0.1,0.05,369.76896,209.51805000000002,0.0269,65,FULL,r105C15
0.0,0.0,156.0821,199.3246,,0,FULL,r105C5
0.01,0.0,157.642921,199.3246,,0,FULL,r105C5
0.03,0.0,160.764563,199.3246,,0,FULL,r105C5
0.05,0.0,163.886205,199.3246,,0,FULL,r105C5
0.1,0.0,171.69031,199.3246,0.0068,40,FULL,r105C5
0.0,0.05,156.0821,209.29083,,0,FULL,r105C5
0.01,0.05,157.642921,209.29083,,0,FULL,r105C5
0.03,0.05,160.764563,209.29083,,0,FULL,r105C5
0.05,0.05,163.886205,209.29083,,0,FULL,r105C5
0.1,0.05,171.69031,209.29083,0.0068,40,FULL,r105C5
0.0,0.0,1372.2938,215.3752,,0,FULL,r105_21
0.01,0.0,1386.016738,215.3752,,0,FULL,r105_21
0.03,0.0,1413.462614,215.3752,,0,FULL,r105_21
0.05,0.0,1440.90849,215.3752,,0,FULL,r105_21
0.1,0.0,1509.5231800000001,215.3752,0.0498,5,FULL,r105_21
0.0,0.05,1372.2938,226.14396000000002,,0,FULL,r105_21
0.01,0.05,1386.016738,226.14396000000002,0.0878,1,FULL,r105_21
0.03,0.05,1413.462614,226.14396000000002,0.0483,19,FULL,r105_21
0.05,0.05,1440.90849,226.14396000000002,0.036,54,FULL,r105_21
0.1,0.05,1509.5231800000001,226.14396000000002,0.0296,176,FULL,r105_21
0.0,0.0,1281.447,217.2476,,0,FULL,r106_21
0.01,0.0,1294.26147,217.2476,,0,FULL,r106_21
0.03,0.0,1319.89041,217.2476,,0,FULL,r106_21
0.05,0.0,1345.51935,217.2476,,0,FULL,r106_21
0.1,0.0,1409.5917,217.2476,,0,FULL,r106_21
0.0,0.05,1281.447,228.10998,,0,FULL,r106_21
0.01,0.05,1294.26147,228.10998,0.0948,1,FULL,r106_21
0.03,0.05,1319.89041,228.10998,0.0849,15,FULL,r106_21
0.05,0.05,1345.51935,228.10998,0.0592,47,FULL,r106_21
0.1,0.05,1409.5917,228.10998,0.0287,162,FULL,r106_21
0.0,0.0,1124.3969,220.9651,,0,FULL,r107_21
0.01,0.0,1135.640869,220.9651,,0,FULL,r107_21
0.03,0.0,1158.128807,220.9651,,0,FULL,r107_21
0.05,0.0,1180.616745,220.9651,,0,FULL,r107_21
0.1,0.0,1236.8365900000001,220.9651,,0,FULL,r107_21
0.0,0.05,1124.3969,232.01335500000002,,0,FULL,r107_21
0.01,0.05,1135.640869,232.01335500000002,0.0701,3,FULL,r107_21
0.03,0.05,1158.128807,232.01335500000002,0.0501,19,FULL,r107_21
0.05,0.05,1180.616745,232.01335500000002,0.0358,59,FULL,r107_21
0.1,0.05,1236.8365900000001,232.01335500000002,0.0168,239,FULL,r107_21
0.0,0.0,1050.6852,220.6741,,0,FULL,r108_21
0.01,0.0,1061.1920519999999,220.6741,,0,FULL,r108_21
0.03,0.0,1082.2057559999998,220.6741,,0,FULL,r108_21
0.05,0.0,1103.21946,220.6741,,0,FULL,r108_21
0.1,0.0,1155.75372,220.6741,,0,FULL,r108_21
0.0,0.05,1050.6852,231.707805,,0,FULL,r108_21
0.01,0.05,1061.1920519999999,231.707805,0.0715,1,FULL,r108_21
0.03,0.05,1082.2057559999998,231.707805,0.0289,21,FULL,r108_21
0.05,0.05,1103.21946,231.707805,0.0216,60,FULL,r108_21
0.1,0.05,1155.75372,231.707805,0.0154,154,FULL,r108_21
0.0,0.0,1211.5773,221.2367,,0,FULL,r109_21
0.01,0.0,1223.693073,221.2367,,0,FULL,r109_21
0.03,0.0,1247.924619,221.2367,,0,FULL,r109_21
0.05,0.0,1272.1561649999999,221.2367,,0,FULL,r109_21
0.1,0.0,1332.73503,221.2367,,0,FULL,r109_21
0.0,0.05,1211.5773,232.29853500000002,,0,FULL,r109_21
0.01,0.05,1223.693073,232.29853500000002,0.0957,4,FULL,r109_21
0.03,0.05,1247.924619,232.29853500000002,0.062,28,FULL,r109_21
0.05,0.05,1272.1561649999999,232.29853500000002,0.0352,95,FULL,r109_21
0.1,0.05,1332.73503,232.29853500000002,0.022,251,FULL,r109_21
0.0,0.0,1103.2221,217.8927,,0,FULL,r110_21
0.01,0.0,1114.254321,217.8927,,0,FULL,r110_21
0.03,0.0,1136.318763,217.8927,,0,FULL,r110_21
0.05,0.0,1158.383205,217.8927,,0,FULL,r110_21
0.1,0.0,1213.54431,217.8927,,0,FULL,r110_21
0.0,0.05,1103.2221,228.787335,,0,FULL,r110_21
0.01,0.05,1114.254321,228.787335,0.0782,1,FULL,r110_21
0.03,0.05,1136.318763,228.787335,0.0505,23,FULL,r110_21
0.05,0.05,1158.383205,228.787335,0.0413,62,FULL,r110_21
0.1,0.05,1213.54431,228.787335,0.0264,203,FULL,r110_21
0.0,0.0,1117.4328,220.7518,,0,FULL,r111_21
0.01,0.0,1128.607128,220.7518,,0,FULL,r111_21
0.03,0.0,1150.955784,220.7518,,0,FULL,r111_21
0.05,0.0,1173.30444,220.7518,,0,FULL,r111_21
0.1,0.0,1229.1760800000002,220.7518,0.0206,5,FULL,r111_21
0.0,0.05,1117.4328,231.78939000000003,,0,FULL,r111_21
0.01,0.05,1128.607128,231.78939000000003,0.0715,6,FULL,r111_21
0.03,0.05,1150.955784,231.78939000000003,0.0351,42,FULL,r111_21
0.05,0.05,1173.30444,231.78939000000003,0.0252,106,FULL,r111_21
0.1,0.05,1229.1760800000002,231.78939000000003,0.0163,268,FULL,r111_21
0.0,0.0,1015.6179,219.7454,,0,FULL,r112_21
0.01,0.0,1025.774079,219.7454,,0,FULL,r112_21
0.03,0.0,1046.086437,219.7454,,0,FULL,r112_21
0.05,0.0,1066.398795,219.7454,,0,FULL,r112_21
0.1,0.0,1117.17969,219.7454,,0,FULL,r112_21
0.0,0.05,1015.6179,230.73266999999998,,0,FULL,r112_21
0.01,0.05,1025.774079,230.73266999999998,0.0461,5,FULL,r112_21
0.03,0.05,1046.086437,230.73266999999998,0.0438,19,FULL,r112_21
0.05,0.05,1066.398795,230.73266999999998,0.0243,59,FULL,r112_21
0.1,0.05,1117.17969,230.73266999999998,0.0133,188,FULL,r112_21
0.0,0.0,253.3431,653.4452,,0,FULL,r201C10
0.01,0.0,255.876531,653.4452,0.0,6,FULL,r201C10
0.03,0.0,260.943393,653.4452,0.0,6,FULL,r201C10
0.05,0.0,266.01025500000003,653.4452,0.0,9,FULL,r201C10
0.1,0.0,278.67741,653.4452,0.0,9,FULL,r201C10
0.0,0.05,253.3431,686.11746,0.0,6,FULL,r201C10
0.01,0.05,255.876531,686.11746,0.0,12,FULL,r201C10
0.03,0.05,260.943393,686.11746,0.0,12,FULL,r201C10
0.05,0.05,266.01025500000003,686.11746,0.0,15,FULL,r201C10
0.1,0.05,278.67741,686.11746,0.0,16,FULL,r201C10
0.0,0.0,1156.2035,922.3553,,0,FULL,r201_21
0.01,0.0,1167.765535,922.3553,,0,FULL,r201_21
0.03,0.0,1190.889605,922.3553,,0,FULL,r201_21
0.05,0.0,1214.0136750000001,922.3553,,0,FULL,r201_21
0.1,0.0,1271.8238500000002,922.3553,,0,FULL,r201_21
0.0,0.05,1156.2035,968.4730650000001,0.0417,1,FULL,r201_21
0.01,0.05,1167.765535,968.4730650000001,0.0417,5,FULL,r201_21
0.03,0.05,1190.889605,968.4730650000001,0.0041,21,FULL,r201_21
0.05,0.05,1214.0136750000001,968.4730650000001,0.0018,67,FULL,r201_21
0.1,0.05,1271.8238500000002,968.4730650000001,0.0012,97,FULL,r201_21
0.0,0.0,358.0048,820.8617,0.0167,10,FULL,r202C15
0.01,0.0,361.58484799999997,820.8617,0.005,32,FULL,r202C15
0.03,0.0,368.744944,820.8617,0.005,33,FULL,r202C15
0.05,0.0,375.90504,820.8617,0.0006,47,FULL,r202C15
0.1,0.0,393.80528000000004,820.8617,0.0003,58,FULL,r202C15
0.0,0.05,358.0048,861.9047850000001,0.0167,10,FULL,r202C15
0.01,0.05,361.58484799999997,861.9047850000001,0.005,33,FULL,r202C15
0.03,0.05,368.744944,861.9047850000001,0.005,34,FULL,r202C15
0.05,0.05,375.90504,861.9047850000001,0.0004,49,FULL,r202C15
0.1,0.05,393.80528000000004,861.9047850000001,0.0003,60,FULL,r202C15
0.0,0.0,128.7771,428.8114,0.0,10,FULL,r202C5
0.01,0.0,130.06487099999998,428.8114,0.0,10,FULL,r202C5
0.03,0.0,132.640413,428.8114,0.0,10,FULL,r202C5
0.05,0.0,135.215955,428.8114,0.0,10,FULL,r202C5
0.1,0.0,141.65481,428.8114,0.0,10,FULL,r202C5
0.0,0.05,128.7771,450.25197000000003,0.0,10,FULL,r202C5
0.01,0.05,130.06487099999998,450.25197000000003,0.0,10,FULL,r202C5
0.03,0.05,132.640413,450.25197000000003,0.0,10,FULL,r202C5
0.05,0.05,135.215955,450.25197000000003,0.0,10,FULL,r202C5
0.1,0.05,141.65481,450.25197000000003,0.0,10,FULL,r202C5
0.0,0.0,1064.5402,943.7338,,0,FULL,r202_21
0.01,0.0,1075.185602,943.7338,,0,FULL,r202_21
0.03,0.0,1096.476406,943.7338,,0,FULL,r202_21
0.05,0.0,1117.76721,943.7338,,0,FULL,r202_21
0.1,0.0,1170.99422,943.7338,0.0009,2,FULL,r202_21
0.0,0.05,1064.5402,990.92049,,0,FULL,r202_21
0.01,0.05,1075.185602,990.92049,0.0017,13,FULL,r202_21
0.03,0.05,1096.476406,990.92049,0.0015,57,FULL,r202_21
0.05,0.05,1117.76721,990.92049,0.0006,125,FULL,r202_21
0.1,0.05,1170.99422,990.92049,0.0003,230,FULL,r202_21
0.0,0.0,218.2135,689.0644,,0,FULL,r203C10
0.01,0.0,220.395635,689.0644,,0,FULL,r203C10
0.03,0.0,224.759905,689.0644,,0,FULL,r203C10
0.05,0.0,229.124175,689.0644,,0,FULL,r203C10
0.1,0.0,240.03485000000003,689.0644,0.0,10,FULL,r203C10
0.0,0.05,218.2135,723.51762,0.0,10,FULL,r203C10
0.01,0.05,220.395635,723.51762,0.0,10,FULL,r203C10
0.03,0.05,224.759905,723.51762,0.0,10,FULL,r203C10
0.05,0.05,229.124175,723.51762,0.0,10,FULL,r203C10
0.1,0.05,240.03485000000003,723.51762,0.0,20,FULL,r203C10
0.0,0.0,179.0559,533.9706,,0,FULL,r203C5
0.01,0.0,180.846459,533.9706,,0,FULL,r203C5
0.03,0.0,184.427577,533.9706,,0,FULL,r203C5
0.05,0.0,188.00869500000002,533.9706,,0,FULL,r203C5
0.1,0.0,196.96149000000003,533.9706,0.0,10,FULL,r203C5
0.0,0.05,179.0559,560.66913,,0,FULL,r203C5
0.01,0.05,180.846459,560.66913,,0,FULL,r203C5
0.03,0.05,184.427577,560.66913,,0,FULL,r203C5
0.05,0.05,188.00869500000002,560.66913,,0,FULL,r203C5
0.1,0.05,196.96149000000003,560.66913,0.0,10,FULL,r203C5
0.0,0.0,899.4828,932.9142,,0,FULL,r203_21
0.01,0.0,908.477628,932.9142,,0,FULL,r203_21
0.03,0.0,926.4672840000001,932.9142,,0,FULL,r203_21
0.05,0.0,944.45694,932.9142,,0,FULL,r203_21
0.1,0.0,989.4310800000001,932.9142,,0,FULL,r203_21
0.0,0.05,899.4828,979.5599100000001,,0,FULL,r203_21
0.01,0.05,908.477628,979.5599100000001,,0,FULL,r203_21
0.03,0.05,926.4672840000001,979.5599100000001,0.0059,1,FULL,r203_21
0.05,0.05,944.45694,979.5599100000001,0.0059,13,FULL,r203_21
0.1,0.05,989.4310800000001,979.5599100000001,0.0007,95,FULL,r203_21
0.0,0.0,720.1026,901.4138,,0,FULL,r204_21
0.01,0.0,727.303626,901.4138,,0,FULL,r204_21
0.03,0.0,741.705678,901.4138,,0,FULL,r204_21
0.05,0.0,756.1077300000001,901.4138,,0,FULL,r204_21
0.1,0.0,792.1128600000001,901.4138,,0,FULL,r204_21
0.0,0.05,720.1026,946.48449,,0,FULL,r204_21
0.01,0.05,727.303626,946.48449,,0,FULL,r204_21
0.03,0.05,741.705678,946.48449,,0,FULL,r204_21
0.05,0.05,756.1077300000001,946.48449,,0,FULL,r204_21
0.1,0.05,792.1128600000001,946.48449,0.0023,27,FULL,r204_21
0.0,0.0,995.3664,891.1031,,0,FULL,r205_21
0.01,0.0,1005.320064,891.1031,,0,FULL,r205_21
0.03,0.0,1025.227392,891.1031,,0,FULL,r205_21
0.05,0.0,1045.13472,891.1031,,0,FULL,r205_21
0.1,0.0,1094.9030400000001,891.1031,0.0117,2,FULL,r205_21
0.0,0.05,995.3664,935.658255,,0,FULL,r205_21
0.01,0.05,1005.320064,935.658255,,0,FULL,r205_21
0.03,0.05,1025.227392,935.658255,0.0068,21,FULL,r205_21
0.05,0.05,1045.13472,935.658255,0.0005,75,FULL,r205_21
0.1,0.05,1094.9030400000001,935.658255,0.0001,194,FULL,r205_21
0.0,0.0,928.397,883.2598,,0,FULL,r206_21
0.01,0.0,937.68097,883.2598,,0,FULL,r206_21
0.03,0.0,956.24891,883.2598,,0,FULL,r206_21
0.05,0.0,974.81685,883.2598,,0,FULL,r206_21
0.1,0.0,1021.2367000000002,883.2598,,0,FULL,r206_21
0.0,0.05,928.397,927.4227900000001,,0,FULL,r206_21
0.01,0.05,937.68097,927.4227900000001,0.0119,8,FULL,r206_21
0.03,0.05,956.24891,927.4227900000001,0.0002,20,FULL,r206_21
0.05,0.05,974.81685,927.4227900000001,0.0002,46,FULL,r206_21
0.1,0.05,1021.2367000000002,927.4227900000001,0.0002,157,FULL,r206_21
0.0,0.0,816.5645,839.0217,,0,FULL,r207_21
0.01,0.0,824.730145,839.0217,,0,FULL,r207_21
0.03,0.0,841.061435,839.0217,,0,FULL,r207_21
0.05,0.0,857.392725,839.0217,,0,FULL,r207_21
0.1,0.0,898.22095,839.0217,,0,FULL,r207_21
0.0,0.05,816.5645,880.972785,,0,FULL,r207_21
0.01,0.05,824.730145,880.972785,,0,FULL,r207_21
0.03,0.05,841.061435,880.972785,,0,FULL,r207_21
0.05,0.05,857.392725,880.972785,0.0014,19,FULL,r207_21
0.1,0.05,898.22095,880.972785,0.0004,105,FULL,r207_21
0.0,0.0,737.5285,906.4261,,0,FULL,r208_21
0.01,0.0,744.903785,906.4261,,0,FULL,r208_21
0.03,0.0,759.654355,906.4261,,0,FULL,r208_21
0.05,0.0,774.404925,906.4261,,0,FULL,r208_21
0.1,0.0,811.2813500000001,906.4261,,0,FULL,r208_21
0.0,0.05,737.5285,951.7474050000001,,0,FULL,r208_21
0.01,0.05,744.903785,951.7474050000001,0.0001,23,FULL,r208_21
0.03,0.05,759.654355,951.7474050000001,0.0001,76,FULL,r208_21
0.05,0.05,774.404925,951.7474050000001,0.0,120,FULL,r208_21
0.1,0.05,811.2813500000001,951.7474050000001,0.0,139,FULL,r208_21
0.0,0.0,313.2366,815.2747,,0,FULL,r209C15
0.01,0.0,316.368966,815.2747,,0,FULL,r209C15
0.03,0.0,322.63369800000004,815.2747,,0,FULL,r209C15
0.05,0.0,328.89843,815.2747,0.0,10,FULL,r209C15
0.1,0.0,344.56026,815.2747,0.0,10,FULL,r209C15
0.0,0.05,313.2366,856.038435,0.0,10,FULL,r209C15
0.01,0.05,316.368966,856.038435,0.0,20,FULL,r209C15
0.03,0.05,322.63369800000004,856.038435,0.0,30,FULL,r209C15
0.05,0.05,328.89843,856.038435,0.0,40,FULL,r209C15
0.1,0.05,344.56026,856.038435,0.0,40,FULL,r209C15
0.0,0.0,874.9097,859.3889,,0,FULL,r209_21
0.01,0.0,883.658797,859.3889,,0,FULL,r209_21
0.03,0.0,901.1569910000001,859.3889,,0,FULL,r209_21
0.05,0.0,918.6551850000001,859.3889,0.021,3,FULL,r209_21
0.1,0.0,962.4006700000001,859.3889,0.0004,14,FULL,r209_21
0.0,0.05,874.9097,902.3583450000001,,0,FULL,r209_21
0.01,0.05,883.658797,902.3583450000001,0.0015,17,FULL,r209_21
0.03,0.05,901.1569910000001,902.3583450000001,0.0003,68,FULL,r209_21
0.05,0.05,918.6551850000001,902.3583450000001,0.0003,144,FULL,r209_21
0.1,0.05,962.4006700000001,902.3583450000001,0.0001,293,FULL,r209_21
0.0,0.0,851.5517,917.3553,,0,FULL,r210_21
0.01,0.0,860.067217,917.3553,,0,FULL,r210_21
0.03,0.0,877.098251,917.3553,,0,FULL,r210_21
0.05,0.0,894.129285,917.3553,0.0032,4,FULL,r210_21
0.1,0.0,936.7068700000001,917.3553,0.0006,27,FULL,r210_21
0.0,0.05,851.5517,963.2230650000001,,0,FULL,r210_21
0.01,0.05,860.067217,963.2230650000001,,0,FULL,r210_21
0.03,0.05,877.098251,963.2230650000001,0.0042,39,FULL,r210_21
0.05,0.05,894.129285,963.2230650000001,0.0006,107,FULL,r210_21
0.1,0.05,936.7068700000001,963.2230650000001,0.0001,204,FULL,r210_21
0.0,0.0,767.256,761.1482,,0,FULL,r211_21
0.01,0.0,774.92856,761.1482,,0,FULL,r211_21
0.03,0.0,790.27368,761.1482,,0,FULL,r211_21
0.05,0.0,805.6188,761.1482,,0,FULL,r211_21
0.1,0.0,843.9816000000001,761.1482,,0,FULL,r211_21
0.0,0.05,767.256,799.20561,,0,FULL,r211_21
0.01,0.05,774.92856,799.20561,,0,FULL,r211_21
0.03,0.05,790.27368,799.20561,0.0251,7,FULL,r211_21
0.05,0.05,805.6188,799.20561,0.0072,16,FULL,r211_21
0.1,0.05,843.9816000000001,799.20561,0.0013,45,FULL,r211_21
0.0,0.0,1699.4761,233.3809,,0,FULL,rc101_21
0.01,0.0,1716.470861,233.3809,,0,FULL,rc101_21
0.03,0.0,1750.460383,233.3809,,0,FULL,rc101_21
0.05,0.0,1784.4499050000002,233.3809,,0,FULL,rc101_21
0.1,0.0,1869.4237100000003,233.3809,0.0679,2,FULL,rc101_21
0.0,0.05,1699.4761,245.049945,,0,FULL,rc101_21
0.01,0.05,1716.470861,245.049945,0.1048,3,FULL,rc101_21
0.03,0.05,1750.460383,245.049945,0.086,25,FULL,rc101_21
0.05,0.05,1784.4499050000002,245.049945,0.0607,53,FULL,rc101_21
0.1,0.05,1869.4237100000003,245.049945,0.038,194,FULL,rc101_21
0.0,0.0,423.5102,214.1655,0.1957,10,FULL,rc102C10
0.01,0.0,427.745302,214.1655,0.1957,10,FULL,rc102C10
0.03,0.0,436.215506,214.1655,0.1957,10,FULL,rc102C10
0.05,0.0,444.68571000000003,214.1655,0.1473,30,FULL,rc102C10
0.1,0.0,465.86122000000006,214.1655,0.1032,76,FULL,rc102C10
0.0,0.05,423.5102,224.87377500000002,0.1957,10,FULL,rc102C10
0.01,0.05,427.745302,224.87377500000002,0.1957,10,FULL,rc102C10
0.03,0.05,436.215506,224.87377500000002,0.1957,10,FULL,rc102C10
0.05,0.05,444.68571000000003,224.87377500000002,0.1473,30,FULL,rc102C10
0.1,0.05,465.86122000000006,224.87377500000002,0.1032,76,FULL,rc102C10
0.0,0.0,1551.5393,230.4342,,0,FULL,rc102_21
0.01,0.0,1567.0546929999998,230.4342,,0,FULL,rc102_21
0.03,0.0,1598.0854789999999,230.4342,,0,FULL,rc102_21
0.05,0.0,1629.1162649999999,230.4342,,0,FULL,rc102_21
0.1,0.0,1706.69323,230.4342,,0,FULL,rc102_21
0.0,0.05,1551.5393,241.95591000000002,,0,FULL,rc102_21
0.01,0.05,1567.0546929999998,241.95591000000002,0.1218,1,FULL,rc102_21
0.03,0.05,1598.0854789999999,241.95591000000002,0.0842,37,FULL,rc102_21
0.05,0.05,1629.1162649999999,241.95591000000002,0.0779,89,FULL,rc102_21
0.1,0.05,1706.69323,241.95591000000002,0.0415,299,FULL,rc102_21
0.0,0.0,397.6699,209.2938,,0,FULL,rc103C15
0.01,0.0,401.646599,209.2938,,0,FULL,rc103C15
0.03,0.0,409.599997,209.2938,0.0658,7,FULL,rc103C15
0.05,0.0,417.553395,209.2938,0.0562,25,FULL,rc103C15
0.1,0.0,437.43689,209.2938,0.0322,33,FULL,rc103C15
0.0,0.05,397.6699,219.75849000000002,0.0494,10,FULL,rc103C15
0.01,0.05,401.646599,219.75849000000002,0.0427,21,FULL,rc103C15
0.03,0.05,409.599997,219.75849000000002,0.0384,50,FULL,rc103C15
0.05,0.05,417.553395,219.75849000000002,0.0255,95,FULL,rc103C15
0.1,0.05,437.43689,219.75849000000002,0.0135,129,FULL,rc103C15
0.0,0.0,1359.4087,229.3275,,0,FULL,rc103_21
0.01,0.0,1373.002787,229.3275,,0,FULL,rc103_21
0.03,0.0,1400.190961,229.3275,,0,FULL,rc103_21
0.05,0.0,1427.379135,229.3275,,0,FULL,rc103_21
0.1,0.0,1495.34957,229.3275,,0,FULL,rc103_21
0.0,0.05,1359.4087,240.79387499999999,,0,FULL,rc103_21
0.01,0.05,1373.002787,240.79387499999999,,0,FULL,rc103_21
0.03,0.05,1400.190961,240.79387499999999,0.0822,9,FULL,rc103_21
0.05,0.05,1427.379135,240.79387499999999,0.0621,57,FULL,rc103_21
0.1,0.05,1495.34957,240.79387499999999,0.0351,218,FULL,rc103_21
0.0,0.0,1229.2248,226.2572,,0,FULL,rc104_21
0.01,0.0,1241.517048,226.2572,,0,FULL,rc104_21
0.03,0.0,1266.101544,226.2572,,0,FULL,rc104_21
0.05,0.0,1290.68604,226.2572,,0,FULL,rc104_21
0.1,0.0,1352.1472800000001,226.2572,,0,FULL,rc104_21
0.0,0.05,1229.2248,237.57006,,0,FULL,rc104_21
0.01,0.05,1241.517048,237.57006,,0,FULL,rc104_21
0.03,0.05,1266.101544,237.57006,0.0949,4,FULL,rc104_21
0.05,0.05,1290.68604,237.57006,0.0669,15,FULL,rc104_21
0.1,0.05,1352.1472800000001,237.57006,0.0359,106,FULL,rc104_21
0.0,0.0,241.2964,181.0422,0.0373,10,FULL,rc105C5
0.01,0.0,243.709364,181.0422,0.0112,20,FULL,rc105C5
0.03,0.0,248.535292,181.0422,0.0075,26,FULL,rc105C5
0.05,0.0,253.36122,181.0422,0.0075,26,FULL,rc105C5
0.1,0.0,265.42604,181.0422,0.0075,26,FULL,rc105C5
0.0,0.05,241.2964,190.09431,0.0373,10,FULL,rc105C5
0.01,0.05,243.709364,190.09431,0.0112,20,FULL,rc105C5
0.03,0.05,248.535292,190.09431,0.0075,26,FULL,rc105C5
0.05,0.05,253.36122,190.09431,0.0075,26,FULL,rc105C5
0.1,0.05,265.42604,190.09431,0.0075,26,FULL,rc105C5
0.0,0.0,1463.6343,223.0789,,0,FULL,rc105_21
0.01,0.0,1478.270643,223.0789,,0,FULL,rc105_21
0.03,0.0,1507.543329,223.0789,,0,FULL,rc105_21
0.05,0.0,1536.816015,223.0789,,0,FULL,rc105_21
0.1,0.0,1609.99773,223.0789,,0,FULL,rc105_21
0.0,0.05,1463.6343,234.23284500000003,0.1039,1,FULL,rc105_21
0.01,0.05,1478.270643,234.23284500000003,0.0783,10,FULL,rc105_21
0.03,0.05,1507.543329,234.23284500000003,0.0678,23,FULL,rc105_21
0.05,0.05,1536.816015,234.23284500000003,0.0455,65,FULL,rc105_21
0.1,0.05,1609.99773,234.23284500000003,0.0307,126,FULL,rc105_21
0.0,0.0,1423.8041,226.1042,,0,FULL,rc106_21
0.01,0.0,1438.0421410000001,226.1042,0.1011,2,FULL,rc106_21
0.03,0.0,1466.518223,226.1042,0.0736,6,FULL,rc106_21
0.05,0.0,1494.9943050000002,226.1042,0.072,10,FULL,rc106_21
0.1,0.0,1566.1845100000003,226.1042,0.0347,27,FULL,rc106_21
0.0,0.05,1423.8041,237.40941,,0,FULL,rc106_21
0.01,0.05,1438.0421410000001,237.40941,0.1011,2,FULL,rc106_21
0.03,0.05,1466.518223,237.40941,0.0736,16,FULL,rc106_21
0.05,0.05,1494.9943050000002,237.40941,0.0525,57,FULL,rc106_21
0.1,0.05,1566.1845100000003,237.40941,0.0341,192,FULL,rc106_21
0.0,0.0,1267.2562,225.5817,,0,FULL,rc107_21
0.01,0.0,1279.928762,225.5817,,0,FULL,rc107_21
0.03,0.0,1305.2738860000002,225.5817,,0,FULL,rc107_21
0.05,0.0,1330.6190100000001,225.5817,0.0398,1,FULL,rc107_21
0.1,0.0,1393.9818200000002,225.5817,0.0222,10,FULL,rc107_21
0.0,0.05,1267.2562,236.86078500000002,,0,FULL,rc107_21
0.01,0.05,1279.928762,236.86078500000002,0.06,2,FULL,rc107_21
0.03,0.05,1305.2738860000002,236.86078500000002,0.0394,46,FULL,rc107_21
0.05,0.05,1330.6190100000001,236.86078500000002,0.0281,144,FULL,rc107_21
0.1,0.05,1393.9818200000002,236.86078500000002,0.0128,285,FULL,rc107_21
0.0,0.0,345.9273,205.4908,,0,FULL,rc108C10
0.01,0.0,349.386573,205.4908,,0,FULL,rc108C10
0.03,0.0,356.305119,205.4908,,0,FULL,rc108C10
0.05,0.0,363.22366500000004,205.4908,,0,FULL,rc108C10
0.1,0.0,380.52003,205.4908,,0,FULL,rc108C10
0.0,0.05,345.9273,215.76534,0.1477,10,FULL,rc108C10
0.01,0.05,349.386573,215.76534,0.1462,20,FULL,rc108C10
0.03,0.05,356.305119,215.76534,0.1445,30,FULL,rc108C10
0.05,0.05,363.22366500000004,215.76534,0.1002,67,FULL,rc108C10
0.1,0.05,380.52003,215.76534,0.0672,92,FULL,rc108C10
0.0,0.0,378.3555,219.2006,,0,FULL,rc108C15
0.01,0.0,382.139055,219.2006,,0,FULL,rc108C15
0.03,0.0,389.706165,219.2006,,0,FULL,rc108C15
0.05,0.0,397.273275,219.2006,,0,FULL,rc108C15
0.1,0.0,416.19105,219.2006,0.0101,19,FULL,rc108C15
0.0,0.05,378.3555,230.16063000000003,,0,FULL,rc108C15
0.01,0.05,382.139055,230.16063000000003,,0,FULL,rc108C15
0.03,0.05,389.706165,230.16063000000003,0.0271,20,FULL,rc108C15
0.05,0.05,397.273275,230.16063000000003,0.0077,55,FULL,rc108C15
0.1,0.05,416.19105,230.16063000000003,0.0006,135,FULL,rc108C15
0.0,0.0,253.9307,216.3119,0.0929,10,FULL,rc108C5
0.01,0.0,256.470007,216.3119,0.0929,10,FULL,rc108C5
0.03,0.0,261.548621,216.3119,0.0911,20,FULL,rc108C5
0.05,0.0,266.627235,216.3119,0.0817,30,FULL,rc108C5
0.1,0.0,279.32377,216.3119,0.0817,30,FULL,rc108C5
0.0,0.05,253.9307,227.127495,0.0929,10,FULL,rc108C5
0.01,0.05,256.470007,227.127495,0.0929,10,FULL,rc108C5
0.03,0.05,261.548621,227.127495,0.0911,20,FULL,rc108C5
0.05,0.05,266.627235,227.127495,0.0817,30,FULL,rc108C5
0.1,0.05,279.32377,227.127495,0.0817,30,FULL,rc108C5
0.0,0.0,1182.6983,228.5417,,0,FULL,rc108_21
0.01,0.0,1194.525283,228.5417,,0,FULL,rc108_21
0.03,0.0,1218.179249,228.5417,,0,FULL,rc108_21
0.05,0.0,1241.833215,228.5417,0.0124,2,FULL,rc108_21
0.1,0.0,1300.9681300000002,228.5417,0.0111,3,FULL,rc108_21
0.0,0.05,1182.6983,239.968785,0.0555,1,FULL,rc108_21
0.01,0.05,1194.525283,239.968785,0.0396,7,FULL,rc108_21
0.03,0.05,1218.179249,239.968785,0.0236,50,FULL,rc108_21
0.05,0.05,1241.833215,239.968785,0.0124,129,FULL,rc108_21
0.1,0.05,1300.9681300000002,239.968785,0.0086,208,FULL,rc108_21
0.0,0.0,412.8614,806.0416,0.0,10,FULL,rc201C10
0.01,0.0,416.99001400000003,806.0416,0.0,10,FULL,rc201C10
0.03,0.0,425.247242,806.0416,0.0,10,FULL,rc201C10
0.05,0.0,433.50447,806.0416,0.0,10,FULL,rc201C10
0.1,0.0,454.14754000000005,806.0416,0.0,10,FULL,rc201C10
0.0,0.05,412.8614,846.3436800000001,0.0,10,FULL,rc201C10
0.01,0.05,416.99001400000003,846.3436800000001,0.0,10,FULL,rc201C10
0.03,0.05,425.247242,846.3436800000001,0.0,10,FULL,rc201C10
0.05,0.05,433.50447,846.3436800000001,0.0,10,FULL,rc201C10
0.1,0.05,454.14754000000005,846.3436800000001,0.0,10,FULL,rc201C10
0.0,0.0,1447.6807,905.864,,0,FULL,rc201_21
0.01,0.0,1462.157507,905.864,,0,FULL,rc201_21
0.03,0.0,1491.111121,905.864,,0,FULL,rc201_21
0.05,0.0,1520.064735,905.864,,0,FULL,rc201_21
0.1,0.0,1592.44877,905.864,,0,FULL,rc201_21
0.0,0.05,1447.6807,951.1572000000001,,0,FULL,rc201_21
0.01,0.05,1462.157507,951.1572000000001,,0,FULL,rc201_21
0.03,0.05,1491.111121,951.1572000000001,0.0032,30,FULL,rc201_21
0.05,0.05,1520.064735,951.1572000000001,0.0014,87,FULL,rc201_21
0.1,0.05,1592.44877,951.1572000000001,0.0007,152,FULL,rc201_21
0.0,0.0,394.3871,839.2022,0.0989,10,FULL,rc202C15
0.01,0.0,398.330971,839.2022,0.07,29,FULL,rc202C15
0.03,0.0,406.218713,839.2022,0.04,56,FULL,rc202C15
0.05,0.0,414.106455,839.2022,0.0236,73,FULL,rc202C15
0.1,0.0,433.82581,839.2022,0.0045,90,FULL,rc202C15
0.0,0.05,394.3871,881.1623099999999,0.0989,10,FULL,rc202C15
0.01,0.05,398.330971,881.1623099999999,0.07,29,FULL,rc202C15
0.03,0.05,406.218713,881.1623099999999,0.04,63,FULL,rc202C15
0.05,0.05,414.106455,881.1623099999999,0.0215,93,FULL,rc202C15
0.1,0.05,433.82581,881.1623099999999,0.0005,125,FULL,rc202C15
0.0,0.0,1243.3291,879.7107,,0,FULL,rc202_21
0.01,0.0,1255.762391,879.7107,,0,FULL,rc202_21
0.03,0.0,1280.6289729999999,879.7107,,0,FULL,rc202_21
0.05,0.0,1305.495555,879.7107,,0,FULL,rc202_21
0.1,0.0,1367.66201,879.7107,,0,FULL,rc202_21
0.0,0.05,1243.3291,923.696235,,0,FULL,rc202_21
0.01,0.05,1255.762391,923.696235,,0,FULL,rc202_21
0.03,0.05,1280.6289729999999,923.696235,,0,FULL,rc202_21
0.05,0.05,1305.495555,923.696235,,0,FULL,rc202_21
0.1,0.05,1367.66201,923.696235,0.0201,5,FULL,rc202_21
0.0,0.0,1085.4009,885.698,,0,FULL,rc203_21
0.01,0.0,1096.254909,885.698,,0,FULL,rc203_21
0.03,0.0,1117.962927,885.698,,0,FULL,rc203_21
0.05,0.0,1139.670945,885.698,0.0203,1,FULL,rc203_21
0.1,0.0,1193.9409900000003,885.698,0.0018,20,FULL,rc203_21
0.0,0.05,1085.4009,929.9829,,0,FULL,rc203_21
0.01,0.05,1096.254909,929.9829,0.035,1,FULL,rc203_21
0.03,0.05,1117.962927,929.9829,0.0011,48,FULL,rc203_21
0.05,0.05,1139.670945,929.9829,0.0007,106,FULL,rc203_21
0.1,0.05,1193.9409900000003,929.9829,0.0001,235,FULL,rc203_21
0.0,0.0,382.2226,676.3649,,0,FULL,rc204C15
0.01,0.0,386.044826,676.3649,,0,FULL,rc204C15
0.03,0.0,393.689278,676.3649,,0,FULL,rc204C15
0.05,0.0,401.33373,676.3649,0.0,4,FULL,rc204C15
0.1,0.0,420.44486,676.3649,0.0,4,FULL,rc204C15
0.0,0.05,382.2226,710.1831450000001,,0,FULL,rc204C15
0.01,0.05,386.044826,710.1831450000001,,0,FULL,rc204C15
0.03,0.05,393.689278,710.1831450000001,,0,FULL,rc204C15
0.05,0.05,401.33373,710.1831450000001,0.0,7,FULL,rc204C15
0.1,0.05,420.44486,710.1831450000001,0.0,12,FULL,rc204C15
0.0,0.0,176.394,758.0555,,0,FULL,rc204C5
0.01,0.0,178.15794,758.0555,,0,FULL,rc204C5
0.03,0.0,181.68582,758.0555,,0,FULL,rc204C5
0.05,0.0,185.21370000000002,758.0555,0.0,10,FULL,rc204C5
0.1,0.0,194.03340000000003,758.0555,0.0,10,FULL,rc204C5
0.0,0.05,176.394,795.9582750000001,0.0,10,FULL,rc204C5
0.01,0.05,178.15794,795.9582750000001,0.0,10,FULL,rc204C5
0.03,0.05,181.68582,795.9582750000001,0.0,10,FULL,rc204C5
0.05,0.05,185.21370000000002,795.9582750000001,0.0,20,FULL,rc204C5
0.1,0.05,194.03340000000003,795.9582750000001,0.0,20,FULL,rc204C5
0.0,0.0,892.2999,839.4786,,0,FULL,rc204_21
0.01,0.0,901.222899,839.4786,,0,FULL,rc204_21
0.03,0.0,919.068897,839.4786,,0,FULL,rc204_21
0.05,0.0,936.914895,839.4786,,0,FULL,rc204_21
0.1,0.0,981.52989,839.4786,,0,FULL,rc204_21
0.0,0.05,892.2999,881.45253,,0,FULL,rc204_21
0.01,0.05,901.222899,881.45253,,0,FULL,rc204_21
0.03,0.05,919.068897,881.45253,0.0927,5,FULL,rc204_21
0.05,0.05,936.914895,881.45253,0.0761,9,FULL,rc204_21
0.1,0.05,981.52989,881.45253,0.0009,95,FULL,rc204_21
0.0,0.0,325.9774,656.2938,,0,FULL,rc205C10
0.01,0.0,329.237174,656.2938,,0,FULL,rc205C10
0.03,0.0,335.756722,656.2938,,0,FULL,rc205C10
0.05,0.0,342.27627,656.2938,,0,FULL,rc205C10
0.1,0.0,358.57514000000003,656.2938,0.1764,9,FULL,rc205C10
0.0,0.05,325.9774,689.1084900000001,0.1291,10,FULL,rc205C10
0.01,0.05,329.237174,689.1084900000001,0.1291,10,FULL,rc205C10
0.03,0.05,335.756722,689.1084900000001,0.0848,30,FULL,rc205C10
0.05,0.05,342.27627,689.1084900000001,0.0848,30,FULL,rc205C10
0.1,0.05,358.57514000000003,689.1084900000001,0.029,69,FULL,rc205C10
0.0,0.0,1177.1917,888.1664,,0,FULL,rc205_21
0.01,0.0,1188.963617,888.1664,,0,FULL,rc205_21
0.03,0.0,1212.5074510000002,888.1664,,0,FULL,rc205_21
0.05,0.0,1236.0512850000002,888.1664,0.0012,2,FULL,rc205_21
0.1,0.0,1294.9108700000002,888.1664,0.0012,20,FULL,rc205_21
0.0,0.05,1177.1917,932.57472,,0,FULL,rc205_21
0.01,0.05,1188.963617,932.57472,0.0321,7,FULL,rc205_21
0.03,0.05,1212.5074510000002,932.57472,0.0118,32,FULL,rc205_21
0.05,0.05,1236.0512850000002,932.57472,0.0006,90,FULL,rc205_21
0.1,0.05,1294.9108700000002,932.57472,0.0006,182,FULL,rc205_21
0.0,0.0,1099.032,818.8112,,0,FULL,rc206_21
0.01,0.0,1110.02232,818.8112,,0,FULL,rc206_21
0.03,0.0,1132.00296,818.8112,,0,FULL,rc206_21
0.05,0.0,1153.9836,818.8112,,0,FULL,rc206_21
0.1,0.0,1208.9352000000001,818.8112,,0,FULL,rc206_21
0.0,0.05,1099.032,859.75176,,0,FULL,rc206_21
0.01,0.05,1110.02232,859.75176,,0,FULL,rc206_21
0.03,0.05,1132.00296,859.75176,,0,FULL,rc206_21
0.05,0.05,1153.9836,859.75176,,0,FULL,rc206_21
0.1,0.05,1208.9352000000001,859.75176,0.0096,34,FULL,rc206_21
0.0,0.0,996.624,828.7634,,0,FULL,rc207_21
0.01,0.0,1006.59024,828.7634,,0,FULL,rc207_21
0.03,0.0,1026.5227200000002,828.7634,,0,FULL,rc207_21
0.05,0.0,1046.4552,828.7634,,0,FULL,rc207_21
0.1,0.0,1096.2864000000002,828.7634,,0,FULL,rc207_21
0.0,0.05,996.624,870.2015700000001,,0,FULL,rc207_21
0.01,0.05,1006.59024,870.2015700000001,,0,FULL,rc207_21
0.03,0.05,1026.5227200000002,870.2015700000001,,0,FULL,rc207_21
0.05,0.05,1046.4552,870.2015700000001,0.0043,10,FULL,rc207_21
0.1,0.05,1096.2864000000002,870.2015700000001,0.0005,70,FULL,rc207_21
0.0,0.0,167.9835,406.0384,0.0,10,FULL,rc208C5
0.01,0.0,169.663335,406.0384,0.0,10,FULL,rc208C5
0.03,0.0,173.02300499999998,406.0384,0.0,10,FULL,rc208C5
0.05,0.0,176.382675,406.0384,0.0,10,FULL,rc208C5
0.1,0.0,184.78185000000002,406.0384,0.0,10,FULL,rc208C5
0.0,0.05,167.9835,426.34032,0.0,10,FULL,rc208C5
0.01,0.05,169.663335,426.34032,0.0,10,FULL,rc208C5
0.03,0.05,173.02300499999998,426.34032,0.0,10,FULL,rc208C5
0.05,0.05,176.382675,426.34032,0.0,10,FULL,rc208C5
0.1,0.05,184.78185000000002,426.34032,0.0,10,FULL,rc208C5
0.0,0.0,837.6624,744.7378,,0,FULL,rc208_21
0.01,0.0,846.039024,744.7378,,0,FULL,rc208_21
0.03,0.0,862.792272,744.7378,,0,FULL,rc208_21
0.05,0.0,879.5455200000001,744.7378,,0,FULL,rc208_21
0.1,0.0,921.4286400000001,744.7378,,0,FULL,rc208_21
0.0,0.05,837.6624,781.97469,,0,FULL,rc208_21
0.01,0.05,846.039024,781.97469,,0,FULL,rc208_21
0.03,0.05,862.792272,781.97469,,0,FULL,rc208_21
0.05,0.05,879.5455200000001,781.97469,,0,FULL,rc208_21
0.1,0.05,921.4286400000001,781.97469,0.0042,22,FULL,rc208_21
0.0,0.0,388.2454,1162.8058,0.1288,2,No-EQ,c101C10
0.01,0.0,392.127854,1162.8058,0.1238,6,No-EQ,c101C10
0.03,0.0,399.892762,1162.8058,0.1238,6,No-EQ,c101C10
0.05,0.0,407.65767000000005,1162.8058,0.0441,10,No-EQ,c101C10
0.1,0.0,427.06994000000003,1162.8058,0.0441,10,No-EQ,c101C10
0.0,0.05,388.2454,1220.9460900000001,0.1288,2,No-EQ,c101C10
0.01,0.05,392.127854,1220.9460900000001,0.1238,6,No-EQ,c101C10
0.03,0.05,399.892762,1220.9460900000001,0.1238,6,No-EQ,c101C10
0.05,0.05,407.65767000000005,1220.9460900000001,0.0441,14,No-EQ,c101C10
0.1,0.05,427.06994000000003,1220.9460900000001,0.0441,14,No-EQ,c101C10
0.0,0.0,257.7475,872.0789,0.1181,10,No-EQ,c101C5
0.01,0.0,260.324975,872.0789,0.1181,10,No-EQ,c101C5
0.03,0.0,265.47992500000004,872.0789,0.1181,10,No-EQ,c101C5
0.05,0.0,270.634875,872.0789,0.1181,10,No-EQ,c101C5
0.1,0.0,283.52225000000004,872.0789,0.1181,10,No-EQ,c101C5
0.0,0.05,257.7475,915.682845,0.1181,10,No-EQ,c101C5
0.01,0.05,260.324975,915.682845,0.1181,10,No-EQ,c101C5
0.03,0.05,265.47992500000004,915.682845,0.1181,10,No-EQ,c101C5
0.05,0.05,270.634875,915.682845,0.1181,10,No-EQ,c101C5
0.1,0.05,283.52225000000004,915.682845,0.1181,10,No-EQ,c101C5
0.0,0.0,1043.4548,1174.5529,,0,No-EQ,c101_21
0.01,0.0,1053.889348,1174.5529,,0,No-EQ,c101_21
0.03,0.0,1074.758444,1174.5529,0.0707,9,No-EQ,c101_21
0.05,0.0,1095.62754,1174.5529,0.0707,10,No-EQ,c101_21
0.1,0.0,1147.8002800000002,1174.5529,0.0707,10,No-EQ,c101_21
0.0,0.05,1043.4548,1233.2805449999998,0.1078,1,No-EQ,c101_21
0.01,0.05,1053.889348,1233.2805449999998,0.0749,15,No-EQ,c101_21
0.03,0.05,1074.758444,1233.2805449999998,0.0707,25,No-EQ,c101_21
0.05,0.05,1095.62754,1233.2805449999998,0.0707,26,No-EQ,c101_21
0.1,0.05,1147.8002800000002,1233.2805449999998,0.0707,26,No-EQ,c101_21
0.0,0.0,1037.1225,1174.5529,,0,No-EQ,c102_21
0.01,0.0,1047.493725,1174.5529,,0,No-EQ,c102_21
0.03,0.0,1068.236175,1174.5529,0.0472,2,No-EQ,c102_21
0.05,0.0,1088.978625,1174.5529,0.0472,3,No-EQ,c102_21
0.1,0.0,1140.83475,1174.5529,0.0472,7,No-EQ,c102_21
0.0,0.05,1037.1225,1233.2805449999998,0.0652,1,No-EQ,c102_21
0.01,0.05,1047.493725,1233.2805449999998,0.061,11,No-EQ,c102_21
0.03,0.05,1068.236175,1233.2805449999998,0.0472,33,No-EQ,c102_21
0.05,0.05,1088.978625,1233.2805449999998,0.0471,41,No-EQ,c102_21
0.1,0.05,1140.83475,1233.2805449999998,0.0264,55,No-EQ,c102_21
0.0,0.0,374.4278,1162.8058,,0,No-EQ,c103C15
0.01,0.0,378.172078,1162.8058,0.1482,2,No-EQ,c103C15
0.03,0.0,385.660634,1162.8058,0.0788,10,No-EQ,c103C15
0.05,0.0,393.14919000000003,1162.8058,0.0788,10,No-EQ,c103C15
0.1,0.0,411.87058,1162.8058,0.0788,10,No-EQ,c103C15
0.0,0.05,374.4278,1220.9460900000001,,0,No-EQ,c103C15
0.01,0.05,378.172078,1220.9460900000001,0.1044,8,No-EQ,c103C15
0.03,0.05,385.660634,1220.9460900000001,0.0788,16,No-EQ,c103C15
0.05,0.05,393.14919000000003,1220.9460900000001,0.0788,16,No-EQ,c103C15
0.1,0.05,411.87058,1220.9460900000001,0.0788,16,No-EQ,c103C15
0.0,0.0,175.3692,1114.0,,0,No-EQ,c103C5
0.01,0.0,177.122892,1114.0,0.0,10,No-EQ,c103C5
0.03,0.0,180.630276,1114.0,0.0,10,No-EQ,c103C5
0.05,0.0,184.13766,1114.0,0.0,10,No-EQ,c103C5
0.1,0.0,192.90612000000002,1114.0,0.0,10,No-EQ,c103C5
0.0,0.05,175.3692,1169.7,,0,No-EQ,c103C5
0.01,0.05,177.122892,1169.7,0.0,10,No-EQ,c103C5
0.03,0.05,180.630276,1169.7,0.0,10,No-EQ,c103C5
0.05,0.05,184.13766,1169.7,0.0,10,No-EQ,c103C5
0.1,0.05,192.90612000000002,1169.7,0.0,10,No-EQ,c103C5
0.0,0.0,273.9312,832.7295,,0,No-EQ,c104C10
0.01,0.0,276.670512,832.7295,,0,No-EQ,c104C10
0.03,0.0,282.149136,832.7295,,0,No-EQ,c104C10
0.05,0.0,287.62776,832.7295,,0,No-EQ,c104C10
0.1,0.0,301.32432,832.7295,0.0027,9,No-EQ,c104C10
0.0,0.05,273.9312,874.365975,,0,No-EQ,c104C10
0.01,0.05,276.670512,874.365975,,0,No-EQ,c104C10
0.03,0.05,282.149136,874.365975,,0,No-EQ,c104C10
0.05,0.05,287.62776,874.365975,,0,No-EQ,c104C10
0.1,0.05,301.32432,874.365975,0.0027,20,No-EQ,c104C10
0.0,0.0,895.6013,1165.1108,,0,No-EQ,c104_21
0.01,0.0,904.557313,1165.1108,,0,No-EQ,c104_21
0.03,0.0,922.4693390000001,1165.1108,,0,No-EQ,c104_21
0.05,0.0,940.3813650000001,1165.1108,0.0359,1,No-EQ,c104_21
0.1,0.0,985.1614300000001,1165.1108,0.0227,2,No-EQ,c104_21
0.0,0.05,895.6013,1223.36634,,0,No-EQ,c104_21
0.01,0.05,904.557313,1223.36634,0.033,1,No-EQ,c104_21
0.03,0.05,922.4693390000001,1223.36634,0.0297,19,No-EQ,c104_21
0.05,0.05,940.3813650000001,1223.36634,0.0297,24,No-EQ,c104_21
0.1,0.05,985.1614300000001,1223.36634,0.0227,28,No-EQ,c104_21
0.0,0.0,1052.1882,1118.4191,,0,No-EQ,c105_21
0.01,0.0,1062.710082,1118.4191,,0,No-EQ,c105_21
0.03,0.0,1083.753846,1118.4191,,0,No-EQ,c105_21
0.05,0.0,1104.79761,1118.4191,,0,No-EQ,c105_21
0.1,0.0,1157.40702,1118.4191,0.035,1,No-EQ,c105_21
0.0,0.05,1052.1882,1174.3400550000001,,0,No-EQ,c105_21
0.01,0.05,1062.710082,1174.3400550000001,0.0542,1,No-EQ,c105_21
0.03,0.05,1083.753846,1174.3400550000001,0.0363,9,No-EQ,c105_21
0.05,0.05,1104.79761,1174.3400550000001,0.0315,17,No-EQ,c105_21
0.1,0.05,1157.40702,1174.3400550000001,0.0286,28,No-EQ,c105_21
0.0,0.0,275.1332,1063.5529,,0,No-EQ,c106C15
0.01,0.0,277.884532,1063.5529,,0,No-EQ,c106C15
0.03,0.0,283.387196,1063.5529,,0,No-EQ,c106C15
0.05,0.0,288.88986,1063.5529,,0,No-EQ,c106C15
0.1,0.0,302.64652,1063.5529,0.1589,10,No-EQ,c106C15
0.0,0.05,275.1332,1116.730545,0.2248,10,No-EQ,c106C15
0.01,0.05,277.884532,1116.730545,0.2248,10,No-EQ,c106C15
0.03,0.05,283.387196,1116.730545,0.2248,10,No-EQ,c106C15
0.05,0.05,288.88986,1116.730545,0.2248,10,No-EQ,c106C15
0.1,0.05,302.64652,1116.730545,0.1589,20,No-EQ,c106C15
0.0,0.0,1015.8785,1105.8149,,0,No-EQ,c106_21
0.01,0.0,1026.037285,1105.8149,,0,No-EQ,c106_21
0.03,0.0,1046.354855,1105.8149,,0,No-EQ,c106_21
0.05,0.0,1066.672425,1105.8149,,0,No-EQ,c106_21
0.1,0.0,1117.4663500000001,1105.8149,0.0384,1,No-EQ,c106_21
0.0,0.05,1015.8785,1161.105645,,0,No-EQ,c106_21
0.01,0.05,1026.037285,1161.105645,,0,No-EQ,c106_21
0.03,0.05,1046.354855,1161.105645,,0,No-EQ,c106_21
0.05,0.05,1066.672425,1161.105645,0.0523,5,No-EQ,c106_21
0.1,0.05,1117.4663500000001,1161.105645,0.0341,27,No-EQ,c106_21
0.0,0.0,1018.2819,1109.1108,,0,No-EQ,c107_21
0.01,0.0,1028.464719,1109.1108,,0,No-EQ,c107_21
0.03,0.0,1048.830357,1109.1108,,0,No-EQ,c107_21
0.05,0.0,1069.195995,1109.1108,,0,No-EQ,c107_21
0.1,0.0,1120.1100900000001,1109.1108,,0,No-EQ,c107_21
0.0,0.05,1018.2819,1164.56634,,0,No-EQ,c107_21
0.01,0.05,1028.464719,1164.56634,,0,No-EQ,c107_21
0.03,0.05,1048.830357,1164.56634,0.0521,5,No-EQ,c107_21
0.05,0.05,1069.195995,1164.56634,0.0291,39,No-EQ,c107_21
0.1,0.05,1120.1100900000001,1164.56634,0.0291,45,No-EQ,c107_21
0.0,0.0,1003.3857,1067.3286,,0,No-EQ,c108_21
0.01,0.0,1013.419557,1067.3286,,0,No-EQ,c108_21
0.03,0.0,1033.487271,1067.3286,,0,No-EQ,c108_21
0.05,0.0,1053.554985,1067.3286,,0,No-EQ,c108_21
0.1,0.0,1103.7242700000002,1067.3286,,0,No-EQ,c108_21
0.0,0.05,1003.3857,1120.69503,,0,No-EQ,c108_21
0.01,0.05,1013.419557,1120.69503,,0,No-EQ,c108_21
0.03,0.05,1033.487271,1120.69503,,0,No-EQ,c108_21
0.05,0.05,1053.554985,1120.69503,,0,No-EQ,c108_21
0.1,0.05,1103.7242700000002,1120.69503,0.0239,4,No-EQ,c108_21
0.0,0.0,956.403,1151.9732,,0,No-EQ,c109_21
0.01,0.0,965.96703,1151.9732,,0,No-EQ,c109_21
0.03,0.0,985.09509,1151.9732,,0,No-EQ,c109_21
0.05,0.0,1004.22315,1151.9732,,0,No-EQ,c109_21
0.1,0.0,1052.0433,1151.9732,,0,No-EQ,c109_21
0.0,0.05,956.403,1209.57186,,0,No-EQ,c109_21
0.01,0.05,965.96703,1209.57186,,0,No-EQ,c109_21
0.03,0.05,985.09509,1209.57186,,0,No-EQ,c109_21
0.05,0.05,1004.22315,1209.57186,,0,No-EQ,c109_21
0.1,0.05,1052.0433,1209.57186,0.0316,6,No-EQ,c109_21
0.0,0.0,629.9494,3229.6619,,0,No-EQ,c201_21
0.01,0.0,636.248894,3229.6619,,0,No-EQ,c201_21
0.03,0.0,648.847882,3229.6619,,0,No-EQ,c201_21
0.05,0.0,661.44687,3229.6619,0.1083,5,No-EQ,c201_21
0.1,0.0,692.94434,3229.6619,0.1083,10,No-EQ,c201_21
0.0,0.05,629.9494,3391.144995,0.1553,10,No-EQ,c201_21
0.01,0.05,636.248894,3391.144995,0.1553,10,No-EQ,c201_21
0.03,0.05,648.847882,3391.144995,0.1479,26,No-EQ,c201_21
0.05,0.05,661.44687,3391.144995,0.1083,38,No-EQ,c201_21
0.1,0.05,692.94434,3391.144995,0.1083,43,No-EQ,c201_21
0.0,0.0,304.0583,3030.0,0.0,9,No-EQ,c202C10
0.01,0.0,307.098883,3030.0,0.0,9,No-EQ,c202C10
0.03,0.0,313.180049,3030.0,0.0,10,No-EQ,c202C10
0.05,0.0,319.261215,3030.0,0.0,10,No-EQ,c202C10
0.1,0.0,334.46413,3030.0,0.0,10,No-EQ,c202C10
0.0,0.05,304.0583,3181.5,0.0,9,No-EQ,c202C10
0.01,0.05,307.098883,3181.5,0.0,9,No-EQ,c202C10
0.03,0.05,313.180049,3181.5,0.0,10,No-EQ,c202C10
0.05,0.05,319.261215,3181.5,0.0,10,No-EQ,c202C10
0.1,0.05,334.46413,3181.5,0.0,10,No-EQ,c202C10
0.0,0.0,397.2287,2939.1172,0.0799,10,No-EQ,c202C15
0.01,0.0,401.200987,2939.1172,0.0799,10,No-EQ,c202C15
0.03,0.0,409.145561,2939.1172,0.0799,10,No-EQ,c202C15
0.05,0.0,417.09013500000003,2939.1172,0.0799,10,No-EQ,c202C15
0.1,0.0,436.95157000000006,2939.1172,0.0799,10,No-EQ,c202C15
0.0,0.05,397.2287,3086.07306,0.0799,10,No-EQ,c202C15
0.01,0.05,401.200987,3086.07306,0.0799,10,No-EQ,c202C15
0.03,0.05,409.145561,3086.07306,0.0799,10,No-EQ,c202C15
0.05,0.05,417.09013500000003,3086.07306,0.0799,10,No-EQ,c202C15
0.1,0.05,436.95157000000006,3086.07306,0.0799,10,No-EQ,c202C15
0.0,0.0,629.9494,3229.6619,,0,No-EQ,c202_21
0.01,0.0,636.248894,3229.6619,,0,No-EQ,c202_21
0.03,0.0,648.847882,3229.6619,,0,No-EQ,c202_21
0.05,0.0,661.44687,3229.6619,0.1078,5,No-EQ,c202_21
0.1,0.0,692.94434,3229.6619,0.1078,9,No-EQ,c202_21
0.0,0.05,629.9494,3391.144995,0.1553,8,No-EQ,c202_21
0.01,0.05,636.248894,3391.144995,0.155,10,No-EQ,c202_21
0.03,0.05,648.847882,3391.144995,0.1479,24,No-EQ,c202_21
0.05,0.05,661.44687,3391.144995,0.1078,34,No-EQ,c202_21
0.1,0.05,692.94434,3391.144995,0.1078,38,No-EQ,c202_21
0.0,0.0,629.9494,3229.6619,,0,No-EQ,c203_21
0.01,0.0,636.248894,3229.6619,,0,No-EQ,c203_21
0.03,0.0,648.847882,3229.6619,0.1221,1,No-EQ,c203_21
0.05,0.0,661.44687,3229.6619,0.1113,6,No-EQ,c203_21
0.1,0.0,692.94434,3229.6619,0.0611,10,No-EQ,c203_21
0.0,0.05,629.9494,3391.144995,0.1553,6,No-EQ,c203_21
0.01,0.05,636.248894,3391.144995,0.155,9,No-EQ,c203_21
0.03,0.05,648.847882,3391.144995,0.1221,24,No-EQ,c203_21
0.05,0.05,661.44687,3391.144995,0.1113,33,No-EQ,c203_21
0.1,0.05,692.94434,3391.144995,0.0611,37,No-EQ,c203_21
0.0,0.0,629.9494,3229.6619,,0,No-EQ,c204_21
0.01,0.0,636.248894,3229.6619,,0,No-EQ,c204_21
0.03,0.0,648.847882,3229.6619,0.1098,6,No-EQ,c204_21
0.05,0.0,661.44687,3229.6619,0.1098,9,No-EQ,c204_21
0.1,0.0,692.94434,3229.6619,0.1098,10,No-EQ,c204_21
0.0,0.05,629.9494,3391.144995,0.1553,5,No-EQ,c204_21
0.01,0.05,636.248894,3391.144995,0.1553,9,No-EQ,c204_21
0.03,0.05,648.847882,3391.144995,0.1098,36,No-EQ,c204_21
0.05,0.05,661.44687,3391.144995,0.1098,42,No-EQ,c204_21
0.1,0.05,692.94434,3391.144995,0.1098,43,No-EQ,c204_21
0.0,0.0,228.2812,2739.5529,0.0603,10,No-EQ,c205C10
0.01,0.0,230.56401200000002,2739.5529,0.0603,10,No-EQ,c205C10
0.03,0.0,235.129636,2739.5529,0.0603,10,No-EQ,c205C10
0.05,0.0,239.69526000000002,2739.5529,0.0603,10,No-EQ,c205C10
0.1,0.0,251.10932000000003,2739.5529,0.0603,10,No-EQ,c205C10
0.0,0.05,228.2812,2876.530545,0.0603,10,No-EQ,c205C10
0.01,0.05,230.56401200000002,2876.530545,0.0603,10,No-EQ,c205C10
0.03,0.05,235.129636,2876.530545,0.0603,10,No-EQ,c205C10
0.05,0.05,239.69526000000002,2876.530545,0.0603,10,No-EQ,c205C10
0.1,0.05,251.10932000000003,2876.530545,0.0603,10,No-EQ,c205C10
0.0,0.0,629.9494,3069.6619,,0,No-EQ,c205_21
0.01,0.0,636.248894,3069.6619,,0,No-EQ,c205_21
0.03,0.0,648.847882,3069.6619,,0,No-EQ,c205_21
0.05,0.0,661.44687,3069.6619,,0,No-EQ,c205_21
0.1,0.0,692.94434,3069.6619,,0,No-EQ,c205_21
0.0,0.05,629.9494,3223.144995,,0,No-EQ,c205_21
0.01,0.05,636.248894,3223.144995,,0,No-EQ,c205_21
0.03,0.05,648.847882,3223.144995,0.1109,9,No-EQ,c205_21
0.05,0.05,661.44687,3223.144995,0.1101,14,No-EQ,c205_21
0.1,0.05,692.94434,3223.144995,0.0906,32,No-EQ,c205_21
0.0,0.0,242.5557,2200.0288,,0,No-EQ,c206C5
0.01,0.0,244.981257,2200.0288,,0,No-EQ,c206C5
0.03,0.0,249.832371,2200.0288,,0,No-EQ,c206C5
0.05,0.0,254.68348500000002,2200.0288,,0,No-EQ,c206C5
0.1,0.0,266.81127000000004,2200.0288,0.0,10,No-EQ,c206C5
0.0,0.05,242.5557,2310.03024,,0,No-EQ,c206C5
0.01,0.05,244.981257,2310.03024,,0,No-EQ,c206C5
0.03,0.05,249.832371,2310.03024,0.0,10,No-EQ,c206C5
0.05,0.05,254.68348500000002,2310.03024,0.0,10,No-EQ,c206C5
0.1,0.05,266.81127000000004,2310.03024,0.0,20,No-EQ,c206C5
0.0,0.0,629.9494,2909.1655,,0,No-EQ,c206_21
0.01,0.0,636.248894,2909.1655,,0,No-EQ,c206_21
0.03,0.0,648.847882,2909.1655,,0,No-EQ,c206_21
0.05,0.0,661.44687,2909.1655,,0,No-EQ,c206_21
0.1,0.0,692.94434,2909.1655,,0,No-EQ,c206_21
0.0,0.05,629.9494,3054.623775,,0,No-EQ,c206_21
0.01,0.05,636.248894,3054.623775,,0,No-EQ,c206_21
0.03,0.05,648.847882,3054.623775,,0,No-EQ,c206_21
0.05,0.05,661.44687,3054.623775,0.0813,7,No-EQ,c206_21
0.1,0.05,692.94434,3054.623775,0.0736,16,No-EQ,c206_21
0.0,0.0,629.9494,2906.1172,,0,No-EQ,c207_21
0.01,0.0,636.248894,2906.1172,,0,No-EQ,c207_21
0.03,0.0,648.847882,2906.1172,,0,No-EQ,c207_21
0.05,0.0,661.44687,2906.1172,,0,No-EQ,c207_21
0.1,0.0,692.94434,2906.1172,,0,No-EQ,c207_21
0.0,0.05,629.9494,3051.42306,,0,No-EQ,c207_21
0.01,0.05,636.248894,3051.42306,,0,No-EQ,c207_21
0.03,0.05,648.847882,3051.42306,0.0939,1,No-EQ,c207_21
0.05,0.05,661.44687,3051.42306,0.0803,16,No-EQ,c207_21
0.1,0.05,692.94434,3051.42306,0.0573,33,No-EQ,c207_21
0.0,0.0,300.5485,2839.8284,,0,No-EQ,c208C15
0.01,0.0,303.553985,2839.8284,,0,No-EQ,c208C15
0.03,0.0,309.564955,2839.8284,,0,No-EQ,c208C15
0.05,0.0,315.575925,2839.8284,,0,No-EQ,c208C15
0.1,0.0,330.60335000000003,2839.8284,0.1514,4,No-EQ,c208C15
0.0,0.05,300.5485,2981.81982,0.0509,10,No-EQ,c208C15
0.01,0.05,303.553985,2981.81982,0.0509,10,No-EQ,c208C15
0.03,0.05,309.564955,2981.81982,0.0509,10,No-EQ,c208C15
0.05,0.05,315.575925,2981.81982,0.0509,10,No-EQ,c208C15
0.1,0.05,330.60335000000003,2981.81982,0.0509,23,No-EQ,c208C15
0.0,0.0,158.4807,1920.4024,,0,No-EQ,c208C5
0.01,0.0,160.06550700000003,1920.4024,,0,No-EQ,c208C5
0.03,0.0,163.23512100000002,1920.4024,,0,No-EQ,c208C5
0.05,0.0,166.40473500000002,1920.4024,0.0,10,No-EQ,c208C5
0.1,0.0,174.32877000000002,1920.4024,0.0,10,No-EQ,c208C5
0.0,0.05,158.4807,2016.42252,,0,No-EQ,c208C5
0.01,0.05,160.06550700000003,2016.42252,,0,No-EQ,c208C5
0.03,0.05,163.23512100000002,2016.42252,,0,No-EQ,c208C5
0.05,0.05,166.40473500000002,2016.42252,0.0,10,No-EQ,c208C5
0.1,0.05,174.32877000000002,2016.42252,0.0,10,No-EQ,c208C5
0.0,0.0,629.9494,2839.8284,,0,No-EQ,c208_21
0.01,0.0,636.248894,2839.8284,,0,No-EQ,c208_21
0.03,0.0,648.847882,2839.8284,,0,No-EQ,c208_21
0.05,0.0,661.44687,2839.8284,,0,No-EQ,c208_21
0.1,0.0,692.94434,2839.8284,,0,No-EQ,c208_21
0.0,0.05,629.9494,2981.81982,,0,No-EQ,c208_21
0.01,0.05,636.248894,2981.81982,,0,No-EQ,c208_21
0.03,0.05,648.847882,2981.81982,,0,No-EQ,c208_21
0.05,0.05,661.44687,2981.81982,0.0737,4,No-EQ,c208_21
0.1,0.05,692.94434,2981.81982,0.0527,27,No-EQ,c208_21
0.0,0.0,1615.8395,221.0502,,0,No-EQ,r101_21
0.01,0.0,1631.997895,221.0502,,0,No-EQ,r101_21
0.03,0.0,1664.314685,221.0502,,0,No-EQ,r101_21
0.05,0.0,1696.6314750000001,221.0502,,0,No-EQ,r101_21
0.1,0.0,1777.4234500000002,221.0502,,0,No-EQ,r101_21
0.0,0.05,1615.8395,232.10271,,0,No-EQ,r101_21
0.01,0.05,1631.997895,232.10271,0.1192,5,No-EQ,r101_21
0.03,0.05,1664.314685,232.10271,0.1054,16,No-EQ,r101_21
0.05,0.05,1696.6314750000001,232.10271,0.0957,19,No-EQ,r101_21
0.1,0.05,1777.4234500000002,232.10271,0.083,24,No-EQ,r101_21
0.0,0.0,262.9248,202.0,0.1856,10,No-EQ,r102C10
0.01,0.0,265.554048,202.0,0.1856,10,No-EQ,r102C10
0.03,0.0,270.812544,202.0,0.1856,10,No-EQ,r102C10
0.05,0.0,276.07104000000004,202.0,0.1856,10,No-EQ,r102C10
0.1,0.0,289.21728,202.0,0.1856,10,No-EQ,r102C10
0.0,0.05,262.9248,212.10000000000002,0.1856,10,No-EQ,r102C10
0.01,0.05,265.554048,212.10000000000002,0.1856,10,No-EQ,r102C10
0.03,0.05,270.812544,212.10000000000002,0.1856,10,No-EQ,r102C10
0.05,0.05,276.07104000000004,212.10000000000002,0.1856,10,No-EQ,r102C10
0.1,0.05,289.21728,212.10000000000002,0.1856,10,No-EQ,r102C10
0.0,0.0,412.7823,186.1505,,0,No-EQ,r102C15
0.01,0.0,416.910123,186.1505,,0,No-EQ,r102C15
0.03,0.0,425.165769,186.1505,,0,No-EQ,r102C15
0.05,0.0,433.421415,186.1505,,0,No-EQ,r102C15
0.1,0.0,454.0605300000001,186.1505,,0,No-EQ,r102C15
0.0,0.05,412.7823,195.458025,,0,No-EQ,r102C15
0.01,0.05,416.910123,195.458025,,0,No-EQ,r102C15
0.03,0.05,425.165769,195.458025,,0,No-EQ,r102C15
0.05,0.05,433.421415,195.458025,0.1452,10,No-EQ,r102C15
0.1,0.05,454.0605300000001,195.458025,0.1452,10,No-EQ,r102C15
0.0,0.0,1441.851,219.8617,,0,No-EQ,r102_21
0.01,0.0,1456.26951,219.8617,,0,No-EQ,r102_21
0.03,0.0,1485.1065300000002,219.8617,,0,No-EQ,r102_21
0.05,0.0,1513.9435500000002,219.8617,,0,No-EQ,r102_21
0.1,0.0,1586.0361000000003,219.8617,0.0867,1,No-EQ,r102_21
0.0,0.05,1441.851,230.85478500000002,0.1318,1,No-EQ,r102_21
0.01,0.05,1456.26951,230.85478500000002,0.1318,3,No-EQ,r102_21
0.03,0.05,1485.1065300000002,230.85478500000002,0.1092,8,No-EQ,r102_21
0.05,0.05,1513.9435500000002,230.85478500000002,0.0846,11,No-EQ,r102_21
0.1,0.05,1586.0361000000003,230.85478500000002,0.0846,14,No-EQ,r102_21
0.0,0.0,206.1216,188.0,,0,No-EQ,r103C10
0.01,0.0,208.182816,188.0,,0,No-EQ,r103C10
0.03,0.0,212.305248,188.0,,0,No-EQ,r103C10
0.05,0.0,216.42768,188.0,0.0128,10,No-EQ,r103C10
0.1,0.0,226.73376000000002,188.0,0.0128,10,No-EQ,r103C10
0.0,0.05,206.1216,197.4,,0,No-EQ,r103C10
0.01,0.05,208.182816,197.4,,0,No-EQ,r103C10
0.03,0.05,212.305248,197.4,,0,No-EQ,r103C10
0.05,0.05,216.42768,197.4,0.0128,10,No-EQ,r103C10
0.1,0.05,226.73376000000002,197.4,0.0128,10,No-EQ,r103C10
0.0,0.0,1248.9006,219.8617,,0,No-EQ,r103_21
0.01,0.0,1261.389606,219.8617,,0,No-EQ,r103_21
0.03,0.0,1286.367618,219.8617,0.0784,1,No-EQ,r103_21
0.05,0.0,1311.34563,219.8617,0.0712,3,No-EQ,r103_21
0.1,0.0,1373.7906600000001,219.8617,0.0609,4,No-EQ,r103_21
0.0,0.05,1248.9006,230.85478500000002,0.1027,1,No-EQ,r103_21
0.01,0.05,1261.389606,230.85478500000002,0.0992,11,No-EQ,r103_21
0.03,0.05,1286.367618,230.85478500000002,0.0758,28,No-EQ,r103_21
0.05,0.05,1311.34563,230.85478500000002,0.0712,37,No-EQ,r103_21
0.1,0.05,1373.7906600000001,230.85478500000002,0.0609,45,No-EQ,r103_21
0.0,0.0,136.6897,194.3848,0.0579,10,No-EQ,r104C5
0.01,0.0,138.05659699999998,194.3848,0.0579,10,No-EQ,r104C5
0.03,0.0,140.790391,194.3848,0.0579,10,No-EQ,r104C5
0.05,0.0,143.524185,194.3848,0.0579,10,No-EQ,r104C5
0.1,0.0,150.35867,194.3848,0.0579,10,No-EQ,r104C5
0.0,0.05,136.6897,204.10404000000003,0.0579,10,No-EQ,r104C5
0.01,0.05,138.05659699999998,204.10404000000003,0.0579,10,No-EQ,r104C5
0.03,0.05,140.790391,204.10404000000003,0.0579,10,No-EQ,r104C5
0.05,0.05,143.524185,204.10404000000003,0.0579,10,No-EQ,r104C5
0.1,0.05,150.35867,204.10404000000003,0.0579,10,No-EQ,r104C5
0.0,0.0,1070.0485,219.8617,,0,No-EQ,r104_21
0.01,0.0,1080.7489850000002,219.8617,,0,No-EQ,r104_21
0.03,0.0,1102.149955,219.8617,,0,No-EQ,r104_21
0.05,0.0,1123.5509250000002,219.8617,0.0707,1,No-EQ,r104_21
0.1,0.0,1177.0533500000001,219.8617,0.0536,6,No-EQ,r104_21
0.0,0.05,1070.0485,230.85478500000002,0.0898,1,No-EQ,r104_21
0.01,0.05,1080.7489850000002,230.85478500000002,0.08,8,No-EQ,r104_21
0.03,0.05,1102.149955,230.85478500000002,0.0581,23,No-EQ,r104_21
0.05,0.05,1123.5509250000002,230.85478500000002,0.0581,47,No-EQ,r104_21
0.1,0.05,1177.0533500000001,230.85478500000002,0.0536,57,No-EQ,r104_21
0.0,0.0,336.1536,199.541,,0,No-EQ,r105C15
0.01,0.0,339.515136,199.541,,0,No-EQ,r105C15
0.03,0.0,346.238208,199.541,,0,No-EQ,r105C15
0.05,0.0,352.96128,199.541,0.0577,10,No-EQ,r105C15
0.1,0.0,369.76896,199.541,0.0577,10,No-EQ,r105C15
0.0,0.05,336.1536,209.51805000000002,,0,No-EQ,r105C15
0.01,0.05,339.515136,209.51805000000002,0.1599,10,No-EQ,r105C15
0.03,0.05,346.238208,209.51805000000002,0.1599,11,No-EQ,r105C15
0.05,0.05,352.96128,209.51805000000002,0.0577,21,No-EQ,r105C15
0.1,0.05,369.76896,209.51805000000002,0.0577,21,No-EQ,r105C15
0.0,0.0,156.0821,199.3246,,0,No-EQ,r105C5
0.01,0.0,157.642921,199.3246,,0,No-EQ,r105C5
0.03,0.0,160.764563,199.3246,,0,No-EQ,r105C5
0.05,0.0,163.886205,199.3246,,0,No-EQ,r105C5
0.1,0.0,171.69031,199.3246,0.0704,10,No-EQ,r105C5
0.0,0.05,156.0821,209.29083,,0,No-EQ,r105C5
0.01,0.05,157.642921,209.29083,,0,No-EQ,r105C5
0.03,0.05,160.764563,209.29083,,0,No-EQ,r105C5
0.05,0.05,163.886205,209.29083,,0,No-EQ,r105C5
0.1,0.05,171.69031,209.29083,0.0704,10,No-EQ,r105C5
0.0,0.0,1372.2938,215.3752,,0,No-EQ,r105_21
0.01,0.0,1386.016738,215.3752,,0,No-EQ,r105_21
0.03,0.0,1413.462614,215.3752,,0,No-EQ,r105_21
0.05,0.0,1440.90849,215.3752,,0,No-EQ,r105_21
0.1,0.0,1509.5231800000001,215.3752,,0,No-EQ,r105_21
0.0,0.05,1372.2938,226.14396000000002,0.088,1,No-EQ,r105_21
0.01,0.05,1386.016738,226.14396000000002,0.08,7,No-EQ,r105_21
0.03,0.05,1413.462614,226.14396000000002,0.08,14,No-EQ,r105_21
0.05,0.05,1440.90849,226.14396000000002,0.0723,22,No-EQ,r105_21
0.1,0.05,1509.5231800000001,226.14396000000002,0.0682,32,No-EQ,r105_21
0.0,0.0,1281.447,217.2476,,0,No-EQ,r106_21
0.01,0.0,1294.26147,217.2476,,0,No-EQ,r106_21
0.03,0.0,1319.89041,217.2476,,0,No-EQ,r106_21
0.05,0.0,1345.51935,217.2476,,0,No-EQ,r106_21
0.1,0.0,1409.5917,217.2476,,0,No-EQ,r106_21
0.0,0.05,1281.447,228.10998,,0,No-EQ,r106_21
0.01,0.05,1294.26147,228.10998,0.1023,2,No-EQ,r106_21
0.03,0.05,1319.89041,228.10998,0.0918,9,No-EQ,r106_21
0.05,0.05,1345.51935,228.10998,0.0503,23,No-EQ,r106_21
0.1,0.05,1409.5917,228.10998,0.0503,46,No-EQ,r106_21
0.0,0.0,1124.3969,220.9651,,0,No-EQ,r107_21
0.01,0.0,1135.640869,220.9651,,0,No-EQ,r107_21
0.03,0.0,1158.128807,220.9651,,0,No-EQ,r107_21
0.05,0.0,1180.616745,220.9651,,0,No-EQ,r107_21
0.1,0.0,1236.8365900000001,220.9651,,0,No-EQ,r107_21
0.0,0.05,1124.3969,232.01335500000002,0.0986,1,No-EQ,r107_21
0.01,0.05,1135.640869,232.01335500000002,0.0731,5,No-EQ,r107_21
0.03,0.05,1158.128807,232.01335500000002,0.0466,25,No-EQ,r107_21
0.05,0.05,1180.616745,232.01335500000002,0.0387,42,No-EQ,r107_21
0.1,0.05,1236.8365900000001,232.01335500000002,0.0387,54,No-EQ,r107_21
0.0,0.0,1050.6852,220.6741,,0,No-EQ,r108_21
0.01,0.0,1061.1920519999999,220.6741,,0,No-EQ,r108_21
0.03,0.0,1082.2057559999998,220.6741,,0,No-EQ,r108_21
0.05,0.0,1103.21946,220.6741,,0,No-EQ,r108_21
0.1,0.0,1155.75372,220.6741,0.0237,1,No-EQ,r108_21
0.0,0.05,1050.6852,231.707805,0.0524,1,No-EQ,r108_21
0.01,0.05,1061.1920519999999,231.707805,0.0476,7,No-EQ,r108_21
0.03,0.05,1082.2057559999998,231.707805,0.0421,16,No-EQ,r108_21
0.05,0.05,1103.21946,231.707805,0.0319,30,No-EQ,r108_21
0.1,0.05,1155.75372,231.707805,0.0178,42,No-EQ,r108_21
0.0,0.0,1211.5773,221.2367,,0,No-EQ,r109_21
0.01,0.0,1223.693073,221.2367,,0,No-EQ,r109_21
0.03,0.0,1247.924619,221.2367,,0,No-EQ,r109_21
0.05,0.0,1272.1561649999999,221.2367,,0,No-EQ,r109_21
0.1,0.0,1332.73503,221.2367,,0,No-EQ,r109_21
0.0,0.05,1211.5773,232.29853500000002,0.1033,1,No-EQ,r109_21
0.01,0.05,1223.693073,232.29853500000002,0.1033,5,No-EQ,r109_21
0.03,0.05,1247.924619,232.29853500000002,0.0792,23,No-EQ,r109_21
0.05,0.05,1272.1561649999999,232.29853500000002,0.0731,36,No-EQ,r109_21
0.1,0.05,1332.73503,232.29853500000002,0.0536,51,No-EQ,r109_21
0.0,0.0,1103.2221,217.8927,,0,No-EQ,r110_21
0.01,0.0,1114.254321,217.8927,,0,No-EQ,r110_21
0.03,0.0,1136.318763,217.8927,,0,No-EQ,r110_21
0.05,0.0,1158.383205,217.8927,0.0621,1,No-EQ,r110_21
0.1,0.0,1213.54431,217.8927,0.0621,1,No-EQ,r110_21
0.0,0.05,1103.2221,228.787335,0.0937,1,No-EQ,r110_21
0.01,0.05,1114.254321,228.787335,0.0668,5,No-EQ,r110_21
0.03,0.05,1136.318763,228.787335,0.0631,25,No-EQ,r110_21
0.05,0.05,1158.383205,228.787335,0.0621,35,No-EQ,r110_21
0.1,0.05,1213.54431,228.787335,0.049,51,No-EQ,r110_21
0.0,0.0,1117.4328,220.7518,,0,No-EQ,r111_21
0.01,0.0,1128.607128,220.7518,,0,No-EQ,r111_21
0.03,0.0,1150.955784,220.7518,,0,No-EQ,r111_21
0.05,0.0,1173.30444,220.7518,,0,No-EQ,r111_21
0.1,0.0,1229.1760800000002,220.7518,,0,No-EQ,r111_21
0.0,0.05,1117.4328,231.78939000000003,0.0718,1,No-EQ,r111_21
0.01,0.05,1128.607128,231.78939000000003,0.0586,9,No-EQ,r111_21
0.03,0.05,1150.955784,231.78939000000003,0.0586,23,No-EQ,r111_21
0.05,0.05,1173.30444,231.78939000000003,0.0537,37,No-EQ,r111_21
0.1,0.05,1229.1760800000002,231.78939000000003,0.0387,47,No-EQ,r111_21
0.0,0.0,1015.6179,219.7454,,0,No-EQ,r112_21
0.01,0.0,1025.774079,219.7454,,0,No-EQ,r112_21
0.03,0.0,1046.086437,219.7454,,0,No-EQ,r112_21
0.05,0.0,1066.398795,219.7454,0.037,1,No-EQ,r112_21
0.1,0.0,1117.17969,219.7454,0.037,1,No-EQ,r112_21
0.0,0.05,1015.6179,230.73266999999998,0.0665,1,No-EQ,r112_21
0.01,0.05,1025.774079,230.73266999999998,0.0466,6,No-EQ,r112_21
0.03,0.05,1046.086437,230.73266999999998,0.0304,13,No-EQ,r112_21
0.05,0.05,1066.398795,230.73266999999998,0.0304,26,No-EQ,r112_21
0.1,0.05,1117.17969,230.73266999999998,0.0298,42,No-EQ,r112_21
0.0,0.0,253.3431,653.4452,,0,No-EQ,r201C10
0.01,0.0,255.876531,653.4452,0.0,9,No-EQ,r201C10
0.03,0.0,260.943393,653.4452,0.0,9,No-EQ,r201C10
0.05,0.0,266.01025500000003,653.4452,0.0,9,No-EQ,r201C10
0.1,0.0,278.67741,653.4452,0.0,9,No-EQ,r201C10
0.0,0.05,253.3431,686.11746,0.0,9,No-EQ,r201C10
0.01,0.05,255.876531,686.11746,0.0,18,No-EQ,r201C10
0.03,0.05,260.943393,686.11746,0.0,18,No-EQ,r201C10
0.05,0.05,266.01025500000003,686.11746,0.0,18,No-EQ,r201C10
0.1,0.05,278.67741,686.11746,0.0,19,No-EQ,r201C10
0.0,0.0,1156.2035,922.3553,,0,No-EQ,r201_21
0.01,0.0,1167.765535,922.3553,,0,No-EQ,r201_21
0.03,0.0,1190.889605,922.3553,,0,No-EQ,r201_21
0.05,0.0,1214.0136750000001,922.3553,,0,No-EQ,r201_21
0.1,0.0,1271.8238500000002,922.3553,,0,No-EQ,r201_21
0.0,0.05,1156.2035,968.4730650000001,,0,No-EQ,r201_21
0.01,0.05,1167.765535,968.4730650000001,0.0536,2,No-EQ,r201_21
0.03,0.05,1190.889605,968.4730650000001,0.0241,16,No-EQ,r201_21
0.05,0.05,1214.0136750000001,968.4730650000001,0.0241,18,No-EQ,r201_21
0.1,0.05,1271.8238500000002,968.4730650000001,0.0241,19,No-EQ,r201_21
0.0,0.0,358.0048,820.8617,0.0167,10,No-EQ,r202C15
0.01,0.0,361.58484799999997,820.8617,0.0167,10,No-EQ,r202C15
0.03,0.0,368.744944,820.8617,0.0167,10,No-EQ,r202C15
0.05,0.0,375.90504,820.8617,0.0167,10,No-EQ,r202C15
0.1,0.0,393.80528000000004,820.8617,0.0167,10,No-EQ,r202C15
0.0,0.05,358.0048,861.9047850000001,0.0167,10,No-EQ,r202C15
0.01,0.05,361.58484799999997,861.9047850000001,0.0167,10,No-EQ,r202C15
0.03,0.05,368.744944,861.9047850000001,0.0167,10,No-EQ,r202C15
0.05,0.05,375.90504,861.9047850000001,0.0167,10,No-EQ,r202C15
0.1,0.05,393.80528000000004,861.9047850000001,0.0167,10,No-EQ,r202C15
0.0,0.0,128.7771,428.8114,0.0,10,No-EQ,r202C5
0.01,0.0,130.06487099999998,428.8114,0.0,10,No-EQ,r202C5
0.03,0.0,132.640413,428.8114,0.0,10,No-EQ,r202C5
0.05,0.0,135.215955,428.8114,0.0,10,No-EQ,r202C5
0.1,0.0,141.65481,428.8114,0.0,10,No-EQ,r202C5
0.0,0.05,128.7771,450.25197000000003,0.0,10,No-EQ,r202C5
0.01,0.05,130.06487099999998,450.25197000000003,0.0,10,No-EQ,r202C5
0.03,0.05,132.640413,450.25197000000003,0.0,10,No-EQ,r202C5
0.05,0.05,135.215955,450.25197000000003,0.0,10,No-EQ,r202C5
0.1,0.05,141.65481,450.25197000000003,0.0,10,No-EQ,r202C5
0.0,0.0,1064.5402,943.7338,,0,No-EQ,r202_21
0.01,0.0,1075.185602,943.7338,,0,No-EQ,r202_21
0.03,0.0,1096.476406,943.7338,,0,No-EQ,r202_21
0.05,0.0,1117.76721,943.7338,,0,No-EQ,r202_21
0.1,0.0,1170.99422,943.7338,0.0174,1,No-EQ,r202_21
0.0,0.05,1064.5402,990.92049,0.1044,1,No-EQ,r202_21
0.01,0.05,1075.185602,990.92049,0.0227,15,No-EQ,r202_21
0.03,0.05,1096.476406,990.92049,0.0063,38,No-EQ,r202_21
0.05,0.05,1117.76721,990.92049,0.0063,48,No-EQ,r202_21
0.1,0.05,1170.99422,990.92049,0.0063,64,No-EQ,r202_21
0.0,0.0,218.2135,689.0644,,0,No-EQ,r203C10
0.01,0.0,220.395635,689.0644,,0,No-EQ,r203C10
0.03,0.0,224.759905,689.0644,,0,No-EQ,r203C10
0.05,0.0,229.124175,689.0644,,0,No-EQ,r203C10
0.1,0.0,240.03485000000003,689.0644,0.0,10,No-EQ,r203C10
0.0,0.05,218.2135,723.51762,0.0,10,No-EQ,r203C10
0.01,0.05,220.395635,723.51762,0.0,10,No-EQ,r203C10
0.03,0.05,224.759905,723.51762,0.0,10,No-EQ,r203C10
0.05,0.05,229.124175,723.51762,0.0,10,No-EQ,r203C10
0.1,0.05,240.03485000000003,723.51762,0.0,20,No-EQ,r203C10
0.0,0.0,179.0559,533.9706,,0,No-EQ,r203C5
0.01,0.0,180.846459,533.9706,,0,No-EQ,r203C5
0.03,0.0,184.427577,533.9706,,0,No-EQ,r203C5
0.05,0.0,188.00869500000002,533.9706,,0,No-EQ,r203C5
0.1,0.0,196.96149000000003,533.9706,0.0,10,No-EQ,r203C5
0.0,0.05,179.0559,560.66913,,0,No-EQ,r203C5
0.01,0.05,180.846459,560.66913,,0,No-EQ,r203C5
0.03,0.05,184.427577,560.66913,,0,No-EQ,r203C5
0.05,0.05,188.00869500000002,560.66913,,0,No-EQ,r203C5
0.1,0.05,196.96149000000003,560.66913,0.0,10,No-EQ,r203C5
0.0,0.0,899.4828,932.9142,,0,No-EQ,r203_21
0.01,0.0,908.477628,932.9142,,0,No-EQ,r203_21
0.03,0.0,926.4672840000001,932.9142,,0,No-EQ,r203_21
0.05,0.0,944.45694,932.9142,,0,No-EQ,r203_21
0.1,0.0,989.4310800000001,932.9142,,0,No-EQ,r203_21
0.0,0.05,899.4828,979.5599100000001,,0,No-EQ,r203_21
0.01,0.05,908.477628,979.5599100000001,,0,No-EQ,r203_21
0.03,0.05,926.4672840000001,979.5599100000001,0.0519,9,No-EQ,r203_21
0.05,0.05,944.45694,979.5599100000001,0.0295,23,No-EQ,r203_21
0.1,0.05,989.4310800000001,979.5599100000001,0.0165,60,No-EQ,r203_21
0.0,0.0,720.1026,901.4138,,0,No-EQ,r204_21
0.01,0.0,727.303626,901.4138,,0,No-EQ,r204_21
0.03,0.0,741.705678,901.4138,,0,No-EQ,r204_21
0.05,0.0,756.1077300000001,901.4138,,0,No-EQ,r204_21
0.1,0.0,792.1128600000001,901.4138,,0,No-EQ,r204_21
0.0,0.05,720.1026,946.48449,,0,No-EQ,r204_21
0.01,0.05,727.303626,946.48449,,0,No-EQ,r204_21
0.03,0.05,741.705678,946.48449,,0,No-EQ,r204_21
0.05,0.05,756.1077300000001,946.48449,0.0161,4,No-EQ,r204_21
0.1,0.05,792.1128600000001,946.48449,0.0161,26,No-EQ,r204_21
0.0,0.0,995.3664,891.1031,,0,No-EQ,r205_21
0.01,0.0,1005.320064,891.1031,,0,No-EQ,r205_21
0.03,0.0,1025.227392,891.1031,,0,No-EQ,r205_21
0.05,0.0,1045.13472,891.1031,,0,No-EQ,r205_21
0.1,0.0,1094.9030400000001,891.1031,0.028,1,No-EQ,r205_21
0.0,0.05,995.3664,935.658255,,0,No-EQ,r205_21
0.01,0.05,1005.320064,935.658255,0.0341,1,No-EQ,r205_21
0.03,0.05,1025.227392,935.658255,0.0076,15,No-EQ,r205_21
0.05,0.05,1045.13472,935.658255,0.0056,36,No-EQ,r205_21
0.1,0.05,1094.9030400000001,935.658255,0.0056,53,No-EQ,r205_21
0.0,0.0,928.397,883.2598,,0,No-EQ,r206_21
0.01,0.0,937.68097,883.2598,,0,No-EQ,r206_21
0.03,0.0,956.24891,883.2598,,0,No-EQ,r206_21
0.05,0.0,974.81685,883.2598,,0,No-EQ,r206_21
0.1,0.0,1021.2367000000002,883.2598,,0,No-EQ,r206_21
0.0,0.05,928.397,927.4227900000001,,0,No-EQ,r206_21
0.01,0.05,937.68097,927.4227900000001,,0,No-EQ,r206_21
0.03,0.05,956.24891,927.4227900000001,0.019,14,No-EQ,r206_21
0.05,0.05,974.81685,927.4227900000001,0.016,28,No-EQ,r206_21
0.1,0.05,1021.2367000000002,927.4227900000001,0.0118,71,No-EQ,r206_21
0.0,0.0,816.5645,839.0217,,0,No-EQ,r207_21
0.01,0.0,824.730145,839.0217,,0,No-EQ,r207_21
0.03,0.0,841.061435,839.0217,,0,No-EQ,r207_21
0.05,0.0,857.392725,839.0217,,0,No-EQ,r207_21
0.1,0.0,898.22095,839.0217,,0,No-EQ,r207_21
0.0,0.05,816.5645,880.972785,,0,No-EQ,r207_21
0.01,0.05,824.730145,880.972785,,0,No-EQ,r207_21
0.03,0.05,841.061435,880.972785,0.0221,6,No-EQ,r207_21
0.05,0.05,857.392725,880.972785,0.0154,23,No-EQ,r207_21
0.1,0.05,898.22095,880.972785,0.0109,57,No-EQ,r207_21
0.0,0.0,737.5285,906.4261,,0,No-EQ,r208_21
0.01,0.0,744.903785,906.4261,,0,No-EQ,r208_21
0.03,0.0,759.654355,906.4261,,0,No-EQ,r208_21
0.05,0.0,774.404925,906.4261,0.0005,1,No-EQ,r208_21
0.1,0.0,811.2813500000001,906.4261,0.0005,1,No-EQ,r208_21
0.0,0.05,737.5285,951.7474050000001,,0,No-EQ,r208_21
0.01,0.05,744.903785,951.7474050000001,0.0104,10,No-EQ,r208_21
0.03,0.05,759.654355,951.7474050000001,0.0004,63,No-EQ,r208_21
0.05,0.05,774.404925,951.7474050000001,0.0001,83,No-EQ,r208_21
0.1,0.05,811.2813500000001,951.7474050000001,0.0001,100,No-EQ,r208_21
0.0,0.0,313.2366,815.2747,,0,No-EQ,r209C15
0.01,0.0,316.368966,815.2747,,0,No-EQ,r209C15
0.03,0.0,322.63369800000004,815.2747,,0,No-EQ,r209C15
0.05,0.0,328.89843,815.2747,0.0,9,No-EQ,r209C15
0.1,0.0,344.56026,815.2747,0.0,9,No-EQ,r209C15
0.0,0.05,313.2366,856.038435,0.0,10,No-EQ,r209C15
0.01,0.05,316.368966,856.038435,0.0,20,No-EQ,r209C15
0.03,0.05,322.63369800000004,856.038435,0.0,30,No-EQ,r209C15
0.05,0.05,328.89843,856.038435,0.0,39,No-EQ,r209C15
0.1,0.05,344.56026,856.038435,0.0,39,No-EQ,r209C15
0.0,0.0,874.9097,859.3889,,0,No-EQ,r209_21
0.01,0.0,883.658797,859.3889,,0,No-EQ,r209_21
0.03,0.0,901.1569910000001,859.3889,0.0505,4,No-EQ,r209_21
0.05,0.0,918.6551850000001,859.3889,0.0505,6,No-EQ,r209_21
0.1,0.0,962.4006700000001,859.3889,0.0505,8,No-EQ,r209_21
0.0,0.05,874.9097,902.3583450000001,,0,No-EQ,r209_21
0.01,0.05,883.658797,902.3583450000001,0.0529,8,No-EQ,r209_21
0.03,0.05,901.1569910000001,902.3583450000001,0.0471,34,No-EQ,r209_21
0.05,0.05,918.6551850000001,902.3583450000001,0.0471,53,No-EQ,r209_21
0.1,0.05,962.4006700000001,902.3583450000001,0.0471,65,No-EQ,r209_21
0.0,0.0,851.5517,917.3553,,0,No-EQ,r210_21
0.01,0.0,860.067217,917.3553,,0,No-EQ,r210_21
0.03,0.0,877.098251,917.3553,0.0105,1,No-EQ,r210_21
0.05,0.0,894.129285,917.3553,0.0081,4,No-EQ,r210_21
0.1,0.0,936.7068700000001,917.3553,0.0081,9,No-EQ,r210_21
0.0,0.05,851.5517,963.2230650000001,0.0379,1,No-EQ,r210_21
0.01,0.05,860.067217,963.2230650000001,0.0127,6,No-EQ,r210_21
0.03,0.05,877.098251,963.2230650000001,0.0066,28,No-EQ,r210_21
0.05,0.05,894.129285,963.2230650000001,0.0066,45,No-EQ,r210_21
0.1,0.05,936.7068700000001,963.2230650000001,0.0054,57,No-EQ,r210_21
0.0,0.0,767.256,761.1482,,0,No-EQ,r211_21
0.01,0.0,774.92856,761.1482,,0,No-EQ,r211_21
0.03,0.0,790.27368,761.1482,,0,No-EQ,r211_21
0.05,0.0,805.6188,761.1482,,0,No-EQ,r211_21
0.1,0.0,843.9816000000001,761.1482,,0,No-EQ,r211_21
0.0,0.05,767.256,799.20561,,0,No-EQ,r211_21
0.01,0.05,774.92856,799.20561,,0,No-EQ,r211_21
0.03,0.05,790.27368,799.20561,0.0297,4,No-EQ,r211_21
0.05,0.05,805.6188,799.20561,0.0282,12,No-EQ,r211_21
0.1,0.05,843.9816000000001,799.20561,0.0019,39,No-EQ,r211_21
0.0,0.0,1699.4761,233.3809,,0,No-EQ,rc101_21
0.01,0.0,1716.470861,233.3809,,0,No-EQ,rc101_21
0.03,0.0,1750.460383,233.3809,,0,No-EQ,rc101_21
0.05,0.0,1784.4499050000002,233.3809,,0,No-EQ,rc101_21
0.1,0.0,1869.4237100000003,233.3809,,0,No-EQ,rc101_21
0.0,0.05,1699.4761,245.049945,0.1226,1,No-EQ,rc101_21
0.01,0.05,1716.470861,245.049945,0.121,3,No-EQ,rc101_21
0.03,0.05,1750.460383,245.049945,0.0764,10,No-EQ,rc101_21
0.05,0.05,1784.4499050000002,245.049945,0.0761,19,No-EQ,rc101_21
0.1,0.05,1869.4237100000003,245.049945,0.0761,23,No-EQ,rc101_21
0.0,0.0,423.5102,214.1655,0.1957,10,No-EQ,rc102C10
0.01,0.0,427.745302,214.1655,0.1957,10,No-EQ,rc102C10
0.03,0.0,436.215506,214.1655,0.1957,10,No-EQ,rc102C10
0.05,0.0,444.68571000000003,214.1655,0.1957,10,No-EQ,rc102C10
0.1,0.0,465.86122000000006,214.1655,0.1957,10,No-EQ,rc102C10
0.0,0.05,423.5102,224.87377500000002,0.1957,10,No-EQ,rc102C10
0.01,0.05,427.745302,224.87377500000002,0.1957,10,No-EQ,rc102C10
0.03,0.05,436.215506,224.87377500000002,0.1957,10,No-EQ,rc102C10
0.05,0.05,444.68571000000003,224.87377500000002,0.1957,10,No-EQ,rc102C10
0.1,0.05,465.86122000000006,224.87377500000002,0.1957,10,No-EQ,rc102C10
0.0,0.0,1551.5393,230.4342,,0,No-EQ,rc102_21
0.01,0.0,1567.0546929999998,230.4342,,0,No-EQ,rc102_21
0.03,0.0,1598.0854789999999,230.4342,,0,No-EQ,rc102_21
0.05,0.0,1629.1162649999999,230.4342,,0,No-EQ,rc102_21
0.1,0.0,1706.69323,230.4342,,0,No-EQ,rc102_21
0.0,0.05,1551.5393,241.95591000000002,0.1451,1,No-EQ,rc102_21
0.01,0.05,1567.0546929999998,241.95591000000002,0.1317,3,No-EQ,rc102_21
0.03,0.05,1598.0854789999999,241.95591000000002,0.1183,21,No-EQ,rc102_21
0.05,0.05,1629.1162649999999,241.95591000000002,0.1046,31,No-EQ,rc102_21
0.1,0.05,1706.69323,241.95591000000002,0.0743,49,No-EQ,rc102_21
0.0,0.0,397.6699,209.2938,,0,No-EQ,rc103C15
0.01,0.0,401.646599,209.2938,,0,No-EQ,rc103C15
0.03,0.0,409.599997,209.2938,0.0658,9,No-EQ,rc103C15
0.05,0.0,417.553395,209.2938,0.0658,10,No-EQ,rc103C15
0.1,0.0,437.43689,209.2938,0.0658,10,No-EQ,rc103C15
0.0,0.05,397.6699,219.75849000000002,0.0644,10,No-EQ,rc103C15
0.01,0.05,401.646599,219.75849000000002,0.0644,10,No-EQ,rc103C15
0.03,0.05,409.599997,219.75849000000002,0.0644,19,No-EQ,rc103C15
0.05,0.05,417.553395,219.75849000000002,0.0644,20,No-EQ,rc103C15
0.1,0.05,437.43689,219.75849000000002,0.0644,20,No-EQ,rc103C15
0.0,0.0,1359.4087,229.3275,,0,No-EQ,rc103_21
0.01,0.0,1373.002787,229.3275,,0,No-EQ,rc103_21
0.03,0.0,1400.190961,229.3275,,0,No-EQ,rc103_21
0.05,0.0,1427.379135,229.3275,,0,No-EQ,rc103_21
0.1,0.0,1495.34957,229.3275,,0,No-EQ,rc103_21
0.0,0.05,1359.4087,240.79387499999999,0.1206,1,No-EQ,rc103_21
0.01,0.05,1373.002787,240.79387499999999,0.0986,4,No-EQ,rc103_21
0.03,0.05,1400.190961,240.79387499999999,0.0844,15,No-EQ,rc103_21
0.05,0.05,1427.379135,240.79387499999999,0.084,38,No-EQ,rc103_21
0.1,0.05,1495.34957,240.79387499999999,0.0658,60,No-EQ,rc103_21
0.0,0.0,1229.2248,226.2572,,0,No-EQ,rc104_21
0.01,0.0,1241.517048,226.2572,,0,No-EQ,rc104_21
0.03,0.0,1266.101544,226.2572,,0,No-EQ,rc104_21
0.05,0.0,1290.68604,226.2572,,0,No-EQ,rc104_21
0.1,0.0,1352.1472800000001,226.2572,,0,No-EQ,rc104_21
0.0,0.05,1229.2248,237.57006,,0,No-EQ,rc104_21
0.01,0.05,1241.517048,237.57006,0.0965,3,No-EQ,rc104_21
0.03,0.05,1266.101544,237.57006,0.0965,6,No-EQ,rc104_21
0.05,0.05,1290.68604,237.57006,0.0696,19,No-EQ,rc104_21
0.1,0.05,1352.1472800000001,237.57006,0.0532,41,No-EQ,rc104_21
0.0,0.0,241.2964,181.0422,0.0407,10,No-EQ,rc105C5
0.01,0.0,243.709364,181.0422,0.0407,10,No-EQ,rc105C5
0.03,0.0,248.535292,181.0422,0.0407,10,No-EQ,rc105C5
0.05,0.0,253.36122,181.0422,0.0407,10,No-EQ,rc105C5
0.1,0.0,265.42604,181.0422,0.0407,10,No-EQ,rc105C5
0.0,0.05,241.2964,190.09431,0.0407,10,No-EQ,rc105C5
0.01,0.05,243.709364,190.09431,0.0407,10,No-EQ,rc105C5
0.03,0.05,248.535292,190.09431,0.0407,10,No-EQ,rc105C5
0.05,0.05,253.36122,190.09431,0.0407,10,No-EQ,rc105C5
0.1,0.05,265.42604,190.09431,0.0407,10,No-EQ,rc105C5
0.0,0.0,1463.6343,223.0789,,0,No-EQ,rc105_21
0.01,0.0,1478.270643,223.0789,,0,No-EQ,rc105_21
0.03,0.0,1507.543329,223.0789,,0,No-EQ,rc105_21
0.05,0.0,1536.816015,223.0789,,0,No-EQ,rc105_21
0.1,0.0,1609.99773,223.0789,0.0721,1,No-EQ,rc105_21
0.0,0.05,1463.6343,234.23284500000003,,0,No-EQ,rc105_21
0.01,0.05,1478.270643,234.23284500000003,0.0979,3,No-EQ,rc105_21
0.03,0.05,1507.543329,234.23284500000003,0.0769,10,No-EQ,rc105_21
0.05,0.05,1536.816015,234.23284500000003,0.0602,17,No-EQ,rc105_21
0.1,0.05,1609.99773,234.23284500000003,0.0602,22,No-EQ,rc105_21
0.0,0.0,1423.8041,226.1042,,0,No-EQ,rc106_21
0.01,0.0,1438.0421410000001,226.1042,,0,No-EQ,rc106_21
0.03,0.0,1466.518223,226.1042,0.0901,2,No-EQ,rc106_21
0.05,0.0,1494.9943050000002,226.1042,0.0849,4,No-EQ,rc106_21
0.1,0.0,1566.1845100000003,226.1042,0.0603,7,No-EQ,rc106_21
0.0,0.05,1423.8041,237.40941,,0,No-EQ,rc106_21
0.01,0.05,1438.0421410000001,237.40941,0.0884,3,No-EQ,rc106_21
0.03,0.05,1466.518223,237.40941,0.0856,13,No-EQ,rc106_21
0.05,0.05,1494.9943050000002,237.40941,0.0697,23,No-EQ,rc106_21
0.1,0.05,1566.1845100000003,237.40941,0.0591,33,No-EQ,rc106_21
0.0,0.0,1267.2562,225.5817,,0,No-EQ,rc107_21
0.01,0.0,1279.928762,225.5817,,0,No-EQ,rc107_21
0.03,0.0,1305.2738860000002,225.5817,,0,No-EQ,rc107_21
0.05,0.0,1330.6190100000001,225.5817,,0,No-EQ,rc107_21
0.1,0.0,1393.9818200000002,225.5817,,0,No-EQ,rc107_21
0.0,0.05,1267.2562,236.86078500000002,,0,No-EQ,rc107_21
0.01,0.05,1279.928762,236.86078500000002,0.0674,6,No-EQ,rc107_21
0.03,0.05,1305.2738860000002,236.86078500000002,0.0475,33,No-EQ,rc107_21
0.05,0.05,1330.6190100000001,236.86078500000002,0.0356,43,No-EQ,rc107_21
0.1,0.05,1393.9818200000002,236.86078500000002,0.0356,48,No-EQ,rc107_21
0.0,0.0,345.9273,205.4908,,0,No-EQ,rc108C10
0.01,0.0,349.386573,205.4908,,0,No-EQ,rc108C10
0.03,0.0,356.305119,205.4908,,0,No-EQ,rc108C10
0.05,0.0,363.22366500000004,205.4908,,0,No-EQ,rc108C10
0.1,0.0,380.52003,205.4908,,0,No-EQ,rc108C10
0.0,0.05,345.9273,215.76534,0.1477,10,No-EQ,rc108C10
0.01,0.05,349.386573,215.76534,0.1477,10,No-EQ,rc108C10
0.03,0.05,356.305119,215.76534,0.1477,10,No-EQ,rc108C10
0.05,0.05,363.22366500000004,215.76534,0.1477,10,No-EQ,rc108C10
0.1,0.05,380.52003,215.76534,0.1477,10,No-EQ,rc108C10
0.0,0.0,378.3555,219.2006,,0,No-EQ,rc108C15
0.01,0.0,382.139055,219.2006,,0,No-EQ,rc108C15
0.03,0.0,389.706165,219.2006,,0,No-EQ,rc108C15
0.05,0.0,397.273275,219.2006,,0,No-EQ,rc108C15
0.1,0.0,416.19105,219.2006,0.0163,10,No-EQ,rc108C15
0.0,0.05,378.3555,230.16063000000003,,0,No-EQ,rc108C15
0.01,0.05,382.139055,230.16063000000003,,0,No-EQ,rc108C15
0.03,0.05,389.706165,230.16063000000003,0.031,10,No-EQ,rc108C15
0.05,0.05,397.273275,230.16063000000003,0.0204,20,No-EQ,rc108C15
0.1,0.05,416.19105,230.16063000000003,0.0163,40,No-EQ,rc108C15
0.0,0.0,253.9307,216.3119,0.0929,10,No-EQ,rc108C5
0.01,0.0,256.470007,216.3119,0.0929,10,No-EQ,rc108C5
0.03,0.0,261.548621,216.3119,0.0929,10,No-EQ,rc108C5
0.05,0.0,266.627235,216.3119,0.0929,10,No-EQ,rc108C5
0.1,0.0,279.32377,216.3119,0.0929,10,No-EQ,rc108C5
0.0,0.05,253.9307,227.127495,0.0929,10,No-EQ,rc108C5
0.01,0.05,256.470007,227.127495,0.0929,10,No-EQ,rc108C5
0.03,0.05,261.548621,227.127495,0.0929,10,No-EQ,rc108C5
0.05,0.05,266.627235,227.127495,0.0929,10,No-EQ,rc108C5
0.1,0.05,279.32377,227.127495,0.0929,10,No-EQ,rc108C5
0.0,0.0,1182.6983,228.5417,,0,No-EQ,rc108_21
0.01,0.0,1194.525283,228.5417,,0,No-EQ,rc108_21
0.03,0.0,1218.179249,228.5417,,0,No-EQ,rc108_21
0.05,0.0,1241.833215,228.5417,,0,No-EQ,rc108_21
0.1,0.0,1300.9681300000002,228.5417,,0,No-EQ,rc108_21
0.0,0.05,1182.6983,239.968785,,0,No-EQ,rc108_21
0.01,0.05,1194.525283,239.968785,0.0525,1,No-EQ,rc108_21
0.03,0.05,1218.179249,239.968785,0.0411,22,No-EQ,rc108_21
0.05,0.05,1241.833215,239.968785,0.0215,38,No-EQ,rc108_21
0.1,0.05,1300.9681300000002,239.968785,0.0173,44,No-EQ,rc108_21
0.0,0.0,412.8614,806.0416,0.0,10,No-EQ,rc201C10
0.01,0.0,416.99001400000003,806.0416,0.0,10,No-EQ,rc201C10
0.03,0.0,425.247242,806.0416,0.0,10,No-EQ,rc201C10
0.05,0.0,433.50447,806.0416,0.0,10,No-EQ,rc201C10
0.1,0.0,454.14754000000005,806.0416,0.0,10,No-EQ,rc201C10
0.0,0.05,412.8614,846.3436800000001,0.0,10,No-EQ,rc201C10
0.01,0.05,416.99001400000003,846.3436800000001,0.0,10,No-EQ,rc201C10
0.03,0.05,425.247242,846.3436800000001,0.0,10,No-EQ,rc201C10
0.05,0.05,433.50447,846.3436800000001,0.0,10,No-EQ,rc201C10
0.1,0.05,454.14754000000005,846.3436800000001,0.0,10,No-EQ,rc201C10
0.0,0.0,1447.6807,905.864,,0,No-EQ,rc201_21
0.01,0.0,1462.157507,905.864,,0,No-EQ,rc201_21
0.03,0.0,1491.111121,905.864,,0,No-EQ,rc201_21
0.05,0.0,1520.064735,905.864,,0,No-EQ,rc201_21
0.1,0.0,1592.44877,905.864,,0,No-EQ,rc201_21
0.0,0.05,1447.6807,951.1572000000001,,0,No-EQ,rc201_21
0.01,0.05,1462.157507,951.1572000000001,,0,No-EQ,rc201_21
0.03,0.05,1491.111121,951.1572000000001,0.0184,13,No-EQ,rc201_21
0.05,0.05,1520.064735,951.1572000000001,0.0097,29,No-EQ,rc201_21
0.1,0.05,1592.44877,951.1572000000001,0.0091,56,No-EQ,rc201_21
0.0,0.0,394.3871,839.2022,0.0989,8,No-EQ,rc202C15
0.01,0.0,398.330971,839.2022,0.0989,8,No-EQ,rc202C15
0.03,0.0,406.218713,839.2022,0.0989,8,No-EQ,rc202C15
0.05,0.0,414.106455,839.2022,0.0989,8,No-EQ,rc202C15
0.1,0.0,433.82581,839.2022,0.0989,10,No-EQ,rc202C15
0.0,0.05,394.3871,881.1623099999999,0.0989,8,No-EQ,rc202C15
0.01,0.05,398.330971,881.1623099999999,0.0989,8,No-EQ,rc202C15
0.03,0.05,406.218713,881.1623099999999,0.0989,8,No-EQ,rc202C15
0.05,0.05,414.106455,881.1623099999999,0.0989,8,No-EQ,rc202C15
0.1,0.05,433.82581,881.1623099999999,0.0989,10,No-EQ,rc202C15
0.0,0.0,1243.3291,879.7107,,0,No-EQ,rc202_21
0.01,0.0,1255.762391,879.7107,,0,No-EQ,rc202_21
0.03,0.0,1280.6289729999999,879.7107,,0,No-EQ,rc202_21
0.05,0.0,1305.495555,879.7107,,0,No-EQ,rc202_21
0.1,0.0,1367.66201,879.7107,,0,No-EQ,rc202_21
0.0,0.05,1243.3291,923.696235,,0,No-EQ,rc202_21
0.01,0.05,1255.762391,923.696235,,0,No-EQ,rc202_21
0.03,0.05,1280.6289729999999,923.696235,,0,No-EQ,rc202_21
0.05,0.05,1305.495555,923.696235,0.0643,2,No-EQ,rc202_21
0.1,0.05,1367.66201,923.696235,0.0479,26,No-EQ,rc202_21
0.0,0.0,1085.4009,885.698,,0,No-EQ,rc203_21
0.01,0.0,1096.254909,885.698,,0,No-EQ,rc203_21
0.03,0.0,1117.962927,885.698,,0,No-EQ,rc203_21
0.05,0.0,1139.670945,885.698,0.0347,1,No-EQ,rc203_21
0.1,0.0,1193.9409900000003,885.698,0.0225,5,No-EQ,rc203_21
0.0,0.05,1085.4009,929.9829,,0,No-EQ,rc203_21
0.01,0.05,1096.254909,929.9829,0.0288,4,No-EQ,rc203_21
0.03,0.05,1117.962927,929.9829,0.0213,25,No-EQ,rc203_21
0.05,0.05,1139.670945,929.9829,0.0213,53,No-EQ,rc203_21
0.1,0.05,1193.9409900000003,929.9829,0.0213,71,No-EQ,rc203_21
0.0,0.0,382.2226,676.3649,,0,No-EQ,rc204C15
0.01,0.0,386.044826,676.3649,,0,No-EQ,rc204C15
0.03,0.0,393.689278,676.3649,,0,No-EQ,rc204C15
0.05,0.0,401.33373,676.3649,,0,No-EQ,rc204C15
0.1,0.0,420.44486,676.3649,,0,No-EQ,rc204C15
0.0,0.05,382.2226,710.1831450000001,,0,No-EQ,rc204C15
0.01,0.05,386.044826,710.1831450000001,,0,No-EQ,rc204C15
0.03,0.05,393.689278,710.1831450000001,,0,No-EQ,rc204C15
0.05,0.05,401.33373,710.1831450000001,0.0,4,No-EQ,rc204C15
0.1,0.05,420.44486,710.1831450000001,0.0,14,No-EQ,rc204C15
0.0,0.0,176.394,758.0555,,0,No-EQ,rc204C5
0.01,0.0,178.15794,758.0555,,0,No-EQ,rc204C5
0.03,0.0,181.68582,758.0555,,0,No-EQ,rc204C5
0.05,0.0,185.21370000000002,758.0555,0.0,10,No-EQ,rc204C5
0.1,0.0,194.03340000000003,758.0555,0.0,10,No-EQ,rc204C5
0.0,0.05,176.394,795.9582750000001,0.0,8,No-EQ,rc204C5
0.01,0.05,178.15794,795.9582750000001,0.0,8,No-EQ,rc204C5
0.03,0.05,181.68582,795.9582750000001,0.0,10,No-EQ,rc204C5
0.05,0.05,185.21370000000002,795.9582750000001,0.0,20,No-EQ,rc204C5
0.1,0.05,194.03340000000003,795.9582750000001,0.0,20,No-EQ,rc204C5
0.0,0.0,892.2999,839.4786,,0,No-EQ,rc204_21
0.01,0.0,901.222899,839.4786,,0,No-EQ,rc204_21
0.03,0.0,919.068897,839.4786,,0,No-EQ,rc204_21
0.05,0.0,936.914895,839.4786,,0,No-EQ,rc204_21
0.1,0.0,981.52989,839.4786,0.0919,1,No-EQ,rc204_21
0.0,0.05,892.2999,881.45253,,0,No-EQ,rc204_21
0.01,0.05,901.222899,881.45253,0.1413,1,No-EQ,rc204_21
0.03,0.05,919.068897,881.45253,0.0695,26,No-EQ,rc204_21
0.05,0.05,936.914895,881.45253,0.0524,42,No-EQ,rc204_21
0.1,0.05,981.52989,881.45253,0.0173,78,No-EQ,rc204_21
0.0,0.0,325.9774,656.2938,,0,No-EQ,rc205C10
0.01,0.0,329.237174,656.2938,,0,No-EQ,rc205C10
0.03,0.0,335.756722,656.2938,,0,No-EQ,rc205C10
0.05,0.0,342.27627,656.2938,,0,No-EQ,rc205C10
0.1,0.0,358.57514000000003,656.2938,0.1764,10,No-EQ,rc205C10
0.0,0.05,325.9774,689.1084900000001,0.1291,10,No-EQ,rc205C10
0.01,0.05,329.237174,689.1084900000001,0.1291,10,No-EQ,rc205C10
0.03,0.05,335.756722,689.1084900000001,0.1291,10,No-EQ,rc205C10
0.05,0.05,342.27627,689.1084900000001,0.1291,10,No-EQ,rc205C10
0.1,0.05,358.57514000000003,689.1084900000001,0.1291,20,No-EQ,rc205C10
0.0,0.0,1177.1917,888.1664,,0,No-EQ,rc205_21
0.01,0.0,1188.963617,888.1664,,0,No-EQ,rc205_21
0.03,0.0,1212.5074510000002,888.1664,0.0783,2,No-EQ,rc205_21
0.05,0.0,1236.0512850000002,888.1664,0.0783,2,No-EQ,rc205_21
0.1,0.0,1294.9108700000002,888.1664,0.0408,10,No-EQ,rc205_21
0.0,0.05,1177.1917,932.57472,0.0894,1,No-EQ,rc205_21
0.01,0.05,1188.963617,932.57472,0.0894,5,No-EQ,rc205_21
0.03,0.05,1212.5074510000002,932.57472,0.0763,16,No-EQ,rc205_21
0.05,0.05,1236.0512850000002,932.57472,0.0365,26,No-EQ,rc205_21
0.1,0.05,1294.9108700000002,932.57472,0.0365,41,No-EQ,rc205_21
0.0,0.0,1099.032,818.8112,,0,No-EQ,rc206_21
0.01,0.0,1110.02232,818.8112,,0,No-EQ,rc206_21
0.03,0.0,1132.00296,818.8112,,0,No-EQ,rc206_21
0.05,0.0,1153.9836,818.8112,,0,No-EQ,rc206_21
0.1,0.0,1208.9352000000001,818.8112,,0,No-EQ,rc206_21
0.0,0.05,1099.032,859.75176,,0,No-EQ,rc206_21
0.01,0.05,1110.02232,859.75176,,0,No-EQ,rc206_21
0.03,0.05,1132.00296,859.75176,0.0772,2,No-EQ,rc206_21
0.05,0.05,1153.9836,859.75176,0.0737,7,No-EQ,rc206_21
0.1,0.05,1208.9352000000001,859.75176,0.023,19,No-EQ,rc206_21
0.0,0.0,996.624,828.7634,,0,No-EQ,rc207_21
0.01,0.0,1006.59024,828.7634,,0,No-EQ,rc207_21
0.03,0.0,1026.5227200000002,828.7634,,0,No-EQ,rc207_21
0.05,0.0,1046.4552,828.7634,,0,No-EQ,rc207_21
0.1,0.0,1096.2864000000002,828.7634,,0,No-EQ,rc207_21
0.0,0.05,996.624,870.2015700000001,,0,No-EQ,rc207_21
0.01,0.05,1006.59024,870.2015700000001,,0,No-EQ,rc207_21
0.03,0.05,1026.5227200000002,870.2015700000001,0.0207,3,No-EQ,rc207_21
0.05,0.05,1046.4552,870.2015700000001,0.0146,8,No-EQ,rc207_21
0.1,0.05,1096.2864000000002,870.2015700000001,0.0137,24,No-EQ,rc207_21
0.0,0.0,167.9835,406.0384,0.0,10,No-EQ,rc208C5
0.01,0.0,169.663335,406.0384,0.0,10,No-EQ,rc208C5
0.03,0.0,173.02300499999998,406.0384,0.0,10,No-EQ,rc208C5
0.05,0.0,176.382675,406.0384,0.0,10,No-EQ,rc208C5
0.1,0.0,184.78185000000002,406.0384,0.0,10,No-EQ,rc208C5
0.0,0.05,167.9835,426.34032,0.0,10,No-EQ,rc208C5
0.01,0.05,169.663335,426.34032,0.0,10,No-EQ,rc208C5
0.03,0.05,173.02300499999998,426.34032,0.0,10,No-EQ,rc208C5
0.05,0.05,176.382675,426.34032,0.0,10,No-EQ,rc208C5
0.1,0.05,184.78185000000002,426.34032,0.0,10,No-EQ,rc208C5
0.0,0.0,837.6624,744.7378,,0,No-EQ,rc208_21
0.01,0.0,846.039024,744.7378,,0,No-EQ,rc208_21
0.03,0.0,862.792272,744.7378,,0,No-EQ,rc208_21
0.05,0.0,879.5455200000001,744.7378,,0,No-EQ,rc208_21
0.1,0.0,921.4286400000001,744.7378,0.0659,1,No-EQ,rc208_21
0.0,0.05,837.6624,781.97469,,0,No-EQ,rc208_21
0.01,0.05,846.039024,781.97469,,0,No-EQ,rc208_21
0.03,0.05,862.792272,781.97469,0.0376,8,No-EQ,rc208_21
0.05,0.05,879.5455200000001,781.97469,0.0244,16,No-EQ,rc208_21
0.1,0.05,921.4286400000001,781.97469,0.0236,29,No-EQ,rc208_21
