Instance,Variant,HV3D
c101C10,FULL,0.8109394650000001
c101C10,No-EQ,0.5594338575000001
c101C5,FULL,0.9179271675
c101C5,No-EQ,0.0537138
c101_21,FULL,1.0098657450000001
c101_21,No-EQ,0.46798148250000005
c102_21,FULL,0.9061193925000001
c102_21,No-EQ,0.66169845
c103C15,FULL,0.9795822750000001
c103C15,No-EQ,0.5289883200000001
c103C5,FULL,0.10870098750000001
c103C5,No-EQ,0.10870098750000001
c104C10,FULL,0.8607867975000001
c104C10,No-EQ,0.8541651825000001
c104_21,FULL,0.9283920975000002
c104_21,No-EQ,0.6903612450000001
c105_21,FULL,0.890676675
c105_21,No-EQ,0.7096935825000001
c106C15,FULL,0.6862632525000001
c106C15,No-EQ,0.2847989025
c106_21,FULL,0.9491830425000001
c106_21,No-EQ,0.8211960225000001
c107_21,FULL,0.9757158075000002
c107_21,No-EQ,0.6618373650000001
c108_21,FULL,0.8901210150000002
c108_21,No-EQ,0.7395603075
c109_21,FULL,0.7080266025000002
c109_21,No-EQ,0.5442921225
c201_21,FULL,0.9684227700000001
c201_21,No-EQ,0.35823863250000004
c202C10,FULL,1.1576250000000001
c202C10,No-EQ,1.1576250000000001
c202C15,FULL,1.0515865500000001
c202C15,No-EQ,0.0537138
c202_21,FULL,1.0896261075
c202_21,No-EQ,0.5354710200000001
c203_21,FULL,0.8478213975000001
c203_21,No-EQ,0.5513767875000001
c204_21,FULL,0.82709991
c204_21,No-EQ,0.30927109500000005
c205C10,FULL,1.0205853525000002
c205C10,No-EQ,0.0537138
c205_21,FULL,0.9317029050000001
c205_21,No-EQ,0.587378925
c206C5,FULL,0.7083970425000001
c206C5,No-EQ,0.7083970425000001
c206_21,FULL,1.011717945
c206_21,No-EQ,0.8019099900000001
c207_21,FULL,1.03204584
c207_21,No-EQ,0.8285122125000001
c208C15,FULL,0.9162601875
c208C15,No-EQ,0.3746306025000001
c208C5,FULL,0.10870098750000001
c208C5,No-EQ,0.10870098750000001
c208_21,FULL,1.0366994925000002
c208_21,No-EQ,0.9289940625
r101_21,FULL,0.665263935
r101_21,No-EQ,0.3241581525
r102C10,FULL,0.5393606400000001
r102C10,No-EQ,0.0537138
r102C15,FULL,0.8426120850000001
r102C15,No-EQ,0.32154192000000004
r102_21,FULL,0.7042758975000001
r102_21,No-EQ,0.43894824750000005
r103C10,FULL,0.62900712
r103C10,No-EQ,0.5855267250000001
r103_21,FULL,0.7562764125000001
r103_21,No-EQ,0.45740079000000006
r104C5,FULL,0.22930236000000004
r104C5,No-EQ,0.0537138
r104_21,FULL,0.8716916250000001
r104_21,No-EQ,0.5964315525000001
r105C15,FULL,0.9778921425000001
r105C15,No-EQ,0.7644723975000001
r105C5,FULL,0.8780817150000001
r105C5,No-EQ,0.5729317650000001
r105_21,FULL,0.6253027200000001
r105_21,No-EQ,0.25314943500000003
r106_21,FULL,0.8277250275000001
r106_21,No-EQ,0.7130970000000001
r107_21,FULL,0.8536095225000001
r107_21,No-EQ,0.7195333950000001
r108_21,FULL,0.7909588575000001
r108_21,No-EQ,0.7404632550000001
r109_21,FULL,0.7824155850000001
r109_21,No-EQ,0.45327964500000006
r110_21,FULL,0.6238441125000002
r110_21,No-EQ,0.550983195
r111_21,FULL,0.8687975625000001
r111_21,No-EQ,0.5614481250000001
r112_21,FULL,0.7313180175
r112_21,No-EQ,0.6541507350000001
r201C10,FULL,0.10870098750000001
r201C10,No-EQ,0.10870098750000001
r201_21,FULL,1.0310734350000001
r201_21,No-EQ,0.6993675675000001
r202C15,FULL,1.0218124350000002
r202C15,No-EQ,0.0537138
r202C5,FULL,1.1576250000000001
r202C5,No-EQ,1.1576250000000001
r202_21,FULL,0.9250349850000001
r202_21,No-EQ,0.9163527975000001
r203C10,FULL,0.10870098750000001
r203C10,No-EQ,0.10870098750000001
r203C5,FULL,0.12986237250000002
r203C5,No-EQ,0.12986237250000002
r203_21,FULL,0.86655177
r203_21,No-EQ,0.7636620600000001
r204_21,FULL,1.071266175
r204_21,No-EQ,0.9911816775000001
r205_21,FULL,1.0046101275000001
r205_21,No-EQ,0.9321891075000001
r206_21,FULL,0.9342033750000002
r206_21,No-EQ,0.7818367725
r207_21,FULL,1.080897615
r207_21,No-EQ,1.0465856100000002
r208_21,FULL,1.0134775350000003
r208_21,No-EQ,0.9117222975
r209C15,FULL,0.5271592725
r209C15,No-EQ,0.5271592725
r209_21,FULL,1.07946216
r209_21,No-EQ,0.4484639250000001
r210_21,FULL,0.8901441675
r210_21,No-EQ,0.9970161075000001
r211_21,FULL,0.9138986325000001
r211_21,No-EQ,0.8983864575
rc101_21,FULL,0.7274052450000001
rc101_21,No-EQ,0.5165091225
rc102C10,FULL,0.79709427
rc102C10,No-EQ,0.0537138
rc102_21,FULL,0.7512523200000001
rc102_21,No-EQ,0.4156568325
rc103C15,FULL,0.7984834200000002
rc103C15,No-EQ,0.06955011000000001
rc103_21,FULL,0.760467015
rc103_21,No-EQ,0.5114618775
rc104_21,FULL,0.7024931550000001
rc104_21,No-EQ,0.5742977625000001
rc105C5,FULL,1.0601992800000002
rc105C5,No-EQ,0.0537138
rc105_21,FULL,0.6428523150000001
rc105_21,No-EQ,0.52343172
rc106_21,FULL,0.7202742750000001
rc106_21,No-EQ,0.4641381675000001
rc107_21,FULL,0.8272388250000001
rc107_21,No-EQ,0.6267844800000001
rc108C10,FULL,0.7913061450000001
rc108C10,No-EQ,0.46682385750000005
rc108C15,FULL,0.7071699600000001
rc108C15,No-EQ,0.5888143800000001
rc108C5,FULL,0.5852025900000001
rc108C5,No-EQ,0.0537138
rc108_21,FULL,0.7509050325000001
rc108_21,No-EQ,0.4347807975000001
rc201C10,FULL,1.1576250000000001
rc201C10,No-EQ,1.1576250000000001
rc201_21,FULL,0.9192005550000001
rc201_21,No-EQ,0.8047114425
rc202C15,FULL,0.9839349450000001
rc202C15,No-EQ,0.0537138
rc202_21,FULL,0.8542809450000001
rc202_21,No-EQ,0.8307580050000001
rc203_21,FULL,1.0677006900000001
rc203_21,No-EQ,0.791213535
rc204C15,FULL,0.38231723250000005
rc204C15,No-EQ,0.36048442500000005
rc204C5,FULL,0.10870098750000001
rc204C5,No-EQ,0.10870098750000001
rc204_21,FULL,1.0398019275000001
rc204_21,No-EQ,0.9190384875000002
rc205C10,FULL,0.8101291275000001
rc205C10,No-EQ,0.0574182
rc205_21,FULL,0.9389033325000001
rc205_21,No-EQ,0.6595684200000002
rc206_21,FULL,0.7553040075000002
rc206_21,No-EQ,0.7378701750000001
rc207_21,FULL,0.92971179
rc207_21,No-EQ,0.80265087
rc208C5,FULL,1.1576250000000001
rc208C5,No-EQ,1.1576250000000001
rc208_21,FULL,0.9021371625000001
rc208_21,No-EQ,0.8626853025000001
